Image Name,Position,Label,Top-Left X,Top-Left Y,Bottom-Right X,Bottom-Right Y
img_0000.png,1,5,953,778,896,761
img_0000.png,2,5,943,742,885,727
img_0000.png,3,8,935,710,879,696
img_0000.png,4,5,927,683,866,671
img_0000.png,5,9,921,651,855,635
img_0000.png,6,5,913,618,846,604
img_0000.png,7,5,894,566,828,540
img_0000.png,8,0,881,529,819,510
img_0000.png,9,1,871,490,808,471
img_0000.png,10,6,859,455,803,444
img_0000.png,11,6,850,429,792,409
img_0011.png,1,5,620,570,609,628
img_0011.png,2,5,640,587,640,651
img_0011.png,3,8,672,609,663,670
img_0011.png,4,5,695,625,688,692
img_0011.png,5,9,722,651,719,714
img_0011.png,6,5,749,670,740,728
img_0011.png,7,3,796,711,797,766
img_0011.png,8,0,823,728,826,788
img_0011.png,9,3,853,747,853,810
img_0011.png,10,0,885,767,876,823
img_0011.png,11,3,908,786,912,849
img_0022.png,1,5,945,423,935,476
img_0022.png,2,5,916,439,912,493
img_0022.png,3,8,878,450,879,506
img_0022.png,4,5,852,464,853,530
img_0022.png,5,9,820,474,823,543
img_0022.png,6,5,792,495,799,564
img_0022.png,7,2,741,530,739,598
img_0022.png,8,0,710,553,708,617
img_0022.png,9,4,678,570,678,635
img_0022.png,10,c,651,588,652,651
img_0022.png,11,8,625,607,618,672
img_0033.png,1,5,935,750,891,784
img_0033.png,2,5,937,719,885,757
img_0033.png,3,8,927,679,882,723
img_0033.png,4,5,920,651,874,686
img_0033.png,5,9,915,618,866,654
img_0033.png,6,5,909,584,859,625
img_0033.png,7,5,890,521,849,561
img_0033.png,8,0,894,489,840,525
img_0033.png,9,6,882,452,838,491
img_0033.png,10,2,875,424,834,461
img_0033.png,11,7,868,388,825,430
img_0044.png,1,5,991,635,993,691
img_0044.png,2,5,968,613,963,669
img_0044.png,3,8,948,591,939,644
img_0044.png,4,5,917,572,917,627
img_0044.png,5,9,896,550,889,603
img_0044.png,6,5,871,528,864,588
img_0044.png,7,6,822,484,816,539
img_0044.png,8,0,795,467,796,523
img_0044.png,9,8,760,439,759,501
img_0044.png,10,0,737,418,732,479
img_0044.png,11,0,708,397,707,454
img_0055.png,1,5,635,545,643,601
img_0055.png,2,5,665,563,675,622
img_0055.png,3,8,699,583,701,639
img_0055.png,4,5,725,594,726,651
img_0055.png,5,9,756,612,762,664
img_0055.png,6,5,778,625,784,680
img_0055.png,7,4,833,651,850,711
img_0055.png,8,1,871,674,874,725
img_0055.png,9,0,906,689,905,746
img_0055.png,10,0,930,702,936,766
img_0055.png,11,4,966,725,968,784
img_0066.png,1,5,969,733,924,780
img_0066.png,2,5,960,700,920,745
img_0066.png,3,8,950,661,909,714
img_0066.png,4,5,941,637,896,683
img_0066.png,5,9,934,603,882,652
img_0066.png,6,6,920,572,874,622
img_0066.png,7,4,898,512,857,564
img_0066.png,8,0,889,480,842,535
img_0066.png,9,2,876,437,834,497
img_0066.png,10,1,863,416,818,460
img_0066.png,11,9,842,378,812,430
img_0077.png,1,5,911,465,961,489
img_0077.png,2,5,883,482,927,508
img_0077.png,3,8,852,495,907,527
img_0077.png,4,5,827,519,881,546
img_0077.png,5,9,796,530,851,568
img_0077.png,6,6,756,543,820,587
img_0077.png,7,3,710,581,764,616
img_0077.png,8,0,674,598,739,633
img_0077.png,9,3,644,617,700,652
img_0077.png,10,E,617,639,670,673
img_0077.png,11,1,601,654,648,695
img_0088.png,1,4,662,411,674,474
img_0088.png,2,x,693,427,707,493
img_0088.png,3,5,728,445,744,506
img_0088.png,4,0,763,461,777,519
img_0088.png,5,3,796,475,804,535
img_0088.png,6,6,856,501,864,560
img_0088.png,7,9,883,520,892,579
img_0088.png,8,5,913,536,927,596
img_0088.png,9,8,943,550,950,607
img_0088.png,10,5,971,564,982,625
img_0088.png,11,5,1004,577,1010,640
img_0099.png,1,5,828,424,885,442
img_0099.png,2,5,802,449,863,465
img_0099.png,3,8,772,470,834,490
img_0099.png,4,5,756,493,817,511
img_0099.png,5,9,727,515,789,536
img_0099.png,6,6,702,540,767,561
img_0099.png,7,3,661,587,717,608
img_0099.png,8,0,639,610,696,629
img_0099.png,9,7,609,627,675,650
img_0099.png,10,0,586,655,656,676
img_0099.png,11,7,560,683,625,701
img_0110.png,1,5,993,666,984,728
img_0110.png,2,5,968,637,961,703
img_0110.png,3,8,942,616,937,677
img_0110.png,4,5,917,595,913,655
img_0110.png,5,9,902,572,886,625
img_0110.png,6,6,875,545,864,606
img_0110.png,7,5,829,499,818,562
img_0110.png,8,0,803,478,795,536
img_0110.png,9,9,777,456,777,512
img_0110.png,10,8,751,431,747,489
img_0110.png,11,3,729,413,728,465
img_0121.png,1,5,771,800,823,804
img_0121.png,2,5,786,774,846,778
img_0121.png,3,8,810,744,868,745
img_0121.png,4,5,820,714,885,723
img_0121.png,5,9,841,680,898,688
img_0121.png,6,6,852,657,919,661
img_0121.png,7,X,890,599,954,602
img_0121.png,8,X,907,572,973,579
img_0121.png,9,X,924,542,990,547
img_0121.png,10,C,943,512,1006,520
img_0121.png,11,0,958,484,1029,483
img_0132.png,1,5,819,801,859,844
img_0132.png,2,5,830,766,867,812
img_0132.png,3,8,838,739,881,781
img_0132.png,4,5,849,706,885,752
img_0132.png,5,9,860,667,892,718
img_0132.png,6,7,874,632,901,687
img_0132.png,7,4,893,575,922,621
img_0132.png,8,0,894,543,934,588
img_0132.png,9,2,913,513,943,558
img_0132.png,10,x,915,483,953,524
img_0132.png,11,7,924,448,960,497
img_0143.png,1,5,890,402,894,461
img_0143.png,2,5,865,420,871,480
img_0143.png,3,8,839,444,841,499
img_0143.png,4,5,818,454,820,519
img_0143.png,5,9,783,480,787,538
img_0143.png,6,7,758,496,761,558
img_0143.png,7,6,707,538,705,596
img_0143.png,8,0,685,557,686,610
img_0143.png,9,4,645,578,653,637
img_0143.png,10,7,620,601,629,659
img_0143.png,11,3,599,618,601,673
img_0154.png,1,5,625,530,604,597
img_0154.png,2,5,640,563,630,620
img_0154.png,3,8,670,591,650,647
img_0154.png,4,5,692,612,671,663
img_0154.png,5,9,714,637,692,695
img_0154.png,6,7,737,661,714,717
img_0154.png,7,1,777,714,760,760
img_0154.png,8,0,798,735,792,794
img_0154.png,9,6,829,763,813,822
img_0154.png,10,c,851,788,835,844
img_0154.png,11,4,876,808,853,864
img_0165.png,1,5,610,638,628,692
img_0165.png,2,5,641,647,659,706
img_0165.png,3,8,679,661,689,715
img_0165.png,4,5,706,667,716,727
img_0165.png,5,9,743,680,757,737
img_0165.png,6,7,772,683,785,749
img_0165.png,7,1,826,704,851,770
img_0165.png,8,0,871,718,889,778
img_0165.png,9,8,903,728,921,787
img_0165.png,10,E,939,739,952,800
img_0165.png,11,7,967,745,981,814
img_0176.png,1,5,837,404,856,459
img_0176.png,2,5,819,427,839,485
img_0176.png,3,8,802,453,819,511
img_0176.png,4,5,781,479,798,537
img_0176.png,5,9,758,504,773,568
img_0176.png,6,7,736,540,756,597
img_0176.png,7,3,705,583,715,644
img_0176.png,8,1,681,617,694,670
img_0176.png,9,0,660,645,668,699
img_0176.png,10,x,642,666,658,726
img_0176.png,11,c,625,695,627,756
img_0187.png,1,5,808,444,868,440
img_0187.png,2,5,807,445,835,496
img_0187.png,3,8,787,473,819,526
img_0187.png,4,5,773,505,812,555
img_0187.png,5,9,757,532,792,589
img_0187.png,6,7,740,571,781,622
img_0187.png,7,5,716,620,747,673
img_0187.png,8,1,697,653,736,700
img_0187.png,9,1,691,675,715,730
img_0187.png,10,0,664,716,697,762
img_0187.png,11,E,651,741,684,792
img_0198.png,1,5,709,444,669,485
img_0198.png,2,5,717,474,681,519
img_0198.png,3,8,730,511,684,551
img_0198.png,4,5,740,532,695,579
img_0198.png,5,9,751,560,712,613
img_0198.png,6,8,760,596,719,648
img_0198.png,7,4,783,664,742,705
img_0198.png,8,0,793,686,758,737
img_0198.png,9,2,804,721,772,777
img_0198.png,10,c,815,763,779,814
img_0198.png,11,5,824,794,787,838
img_0209.png,1,5,622,635,640,689
img_0209.png,2,5,655,639,676,699
img_0209.png,3,8,689,648,708,706
img_0209.png,4,5,718,655,737,708
img_0209.png,5,9,756,659,778,706
img_0209.png,6,8,790,666,808,718
img_0209.png,7,5,856,674,876,728
img_0209.png,8,0,886,677,901,736
img_0209.png,9,4,926,685,946,736
img_0209.png,10,8,961,687,976,743
img_0209.png,11,E,986,689,1013,752
img_0220.png,1,5,677,788,723,816
img_0220.png,2,5,698,770,759,797
img_0220.png,3,8,734,744,788,781
img_0220.png,4,5,755,728,811,762
img_0220.png,5,9,792,707,842,740
img_0220.png,6,8,816,689,874,719
img_0220.png,7,4,872,657,923,687
img_0220.png,8,0,892,637,953,669
img_0220.png,9,6,915,614,984,650
img_0220.png,10,x,953,598,1008,635
img_0220.png,11,e,982,577,1036,613
img_0231.png,1,5,865,419,916,442
img_0231.png,2,5,834,458,895,461
img_0231.png,3,8,813,478,868,489
img_0231.png,4,5,799,499,849,517
img_0231.png,5,9,768,525,824,537
img_0231.png,6,8,740,551,808,568
img_0231.png,7,2,701,603,767,608
img_0231.png,8,0,684,628,740,642
img_0231.png,9,7,660,651,712,669
img_0231.png,10,X,635,680,695,689
img_0231.png,11,0,606,705,664,714
img_0242.png,1,5,982,546,1006,605
img_0242.png,2,5,950,539,973,598
img_0242.png,3,8,916,534,937,592
img_0242.png,4,5,887,527,908,584
img_0242.png,5,9,851,523,872,581
img_0242.png,6,8,816,517,838,577
img_0242.png,7,3,756,508,778,569
img_0242.png,8,0,719,501,743,564
img_0242.png,9,9,685,498,710,555
img_0242.png,10,C,655,497,676,549
img_0242.png,11,6,622,484,646,542
img_0253.png,1,5,620,674,648,733
img_0253.png,2,5,652,676,680,732
img_0253.png,3,8,687,683,715,741
img_0253.png,4,5,722,685,745,747
img_0253.png,5,9,749,692,785,741
img_0253.png,6,9,789,696,815,748
img_0253.png,7,3,849,699,875,755
img_0253.png,8,0,885,707,912,756
img_0253.png,9,3,922,706,950,760
img_0253.png,10,7,953,707,980,769
img_0253.png,11,0,990,699,1017,769
img_0264.png,1,5,609,603,610,655
img_0264.png,2,5,632,610,643,672
img_0264.png,3,8,667,631,681,688
img_0264.png,4,5,698,639,707,699
img_0264.png,5,9,730,651,743,713
img_0264.png,6,9,763,666,771,723
img_0264.png,7,1,822,685,831,747
img_0264.png,8,0,852,700,870,760
img_0264.png,9,4,893,714,900,771
img_0264.png,10,5,916,723,932,784
img_0264.png,11,C,953,739,968,804
img_0275.png,1,5,661,482,632,538
img_0275.png,2,5,681,512,652,568
img_0275.png,3,8,699,540,665,595
img_0275.png,4,5,714,566,680,618
img_0275.png,5,9,723,599,708,651
img_0275.png,6,9,744,625,717,677
img_0275.png,7,5,777,676,747,733
img_0275.png,8,0,795,707,760,760
img_0275.png,9,6,811,751,786,793
img_0275.png,10,7,829,770,797,818
img_0275.png,11,x,837,789,819,851
img_0286.png,1,5,611,635,629,691
img_0286.png,2,5,648,650,661,704
img_0286.png,3,8,680,655,699,717
img_0286.png,4,5,714,666,721,723
img_0286.png,5,9,744,674,762,732
img_0286.png,6,9,777,685,786,739
img_0286.png,7,5,836,696,853,756
img_0286.png,8,0,870,713,875,773
img_0286.png,9,8,907,722,919,778
img_0286.png,10,8,934,730,946,788
img_0286.png,11,2,964,740,976,799
img_0297.png,1,5,629,561,622,619
img_0297.png,2,5,655,579,649,643
img_0297.png,3,8,683,603,678,668
img_0297.png,4,5,704,622,702,683
img_0297.png,5,9,733,644,732,704
img_0297.png,6,9,760,666,756,722
img_0297.png,7,1,813,710,810,761
img_0297.png,8,1,839,726,832,781
img_0297.png,9,0,875,745,865,804
img_0297.png,10,1,899,763,891,824
img_0297.png,11,0,926,781,920,844
img_0308.png,1,5,943,468,987,512
img_0308.png,2,5,913,476,953,523
img_0308.png,3,8,875,479,920,531
img_0308.png,4,5,848,484,889,538
img_0308.png,5,0,815,486,860,542
img_0308.png,6,0,782,499,830,555
img_0308.png,7,4,718,513,756,570
img_0308.png,8,0,689,516,729,576
img_0308.png,9,1,657,528,692,584
img_0308.png,10,X,628,530,669,592
img_0308.png,11,7,592,543,642,596
img_0319.png,1,5,976,743,928,777
img_0319.png,2,5,972,699,926,740
img_0319.png,3,8,967,658,922,703
img_0319.png,4,6,961,632,915,666
img_0319.png,5,0,963,606,911,644
img_0319.png,6,0,952,572,907,610
img_0319.png,7,6,952,497,894,538
img_0319.png,8,0,932,475,892,512
img_0319.png,9,3,927,431,881,472
img_0319.png,10,7,913,404,876,439
img_0319.png,11,3,926,371,876,411
img_0330.png,1,5,975,495,1008,550
img_0330.png,2,5,946,499,972,549
img_0330.png,3,8,911,489,938,546
img_0330.png,4,6,881,491,907,542
img_0330.png,5,0,852,494,879,543
img_0330.png,6,0,812,491,845,546
img_0330.png,7,6,744,489,773,538
img_0330.png,8,0,715,493,747,540
img_0330.png,9,5,676,489,707,543
img_0330.png,10,8,648,489,676,540
img_0330.png,11,6,610,486,644,543
img_0341.png,1,5,988,486,967,543
img_0341.png,2,5,956,491,930,546
img_0341.png,3,8,917,495,896,555
img_0341.png,4,6,885,500,864,555
img_0341.png,5,0,858,504,838,560
img_0341.png,6,0,829,509,798,568
img_0341.png,7,3,753,520,730,576
img_0341.png,8,0,721,522,702,578
img_0341.png,9,7,696,527,664,588
img_0341.png,10,5,656,540,633,589
img_0341.png,11,0,627,542,606,594
img_0352.png,1,5,611,642,642,695
img_0352.png,2,5,648,644,677,696
img_0352.png,3,8,680,647,715,704
img_0352.png,4,6,718,651,741,702
img_0352.png,5,0,743,654,770,706
img_0352.png,6,0,773,652,810,708
img_0352.png,7,3,855,658,881,696
img_0352.png,8,0,886,663,900,700
img_0352.png,9,9,908,663,928,702
img_0352.png,10,6,945,666,967,711
img_0352.png,11,3,975,670,999,723
img_0363.png,1,5,979,718,954,770
img_0363.png,2,5,963,685,938,741
img_0363.png,3,8,945,651,920,708
img_0363.png,4,6,927,624,897,680
img_0363.png,5,0,909,603,878,659
img_0363.png,6,0,890,564,863,631
img_0363.png,7,1,863,514,823,573
img_0363.png,8,1,838,483,804,542
img_0363.png,9,1,820,454,792,513
img_0363.png,10,6,796,420,774,484
img_0363.png,11,7,782,397,748,452
img_0374.png,1,5,628,636,651,688
img_0374.png,2,5,662,642,688,695
img_0374.png,3,8,696,647,722,699
img_0374.png,4,6,728,646,754,706
img_0374.png,5,0,760,650,780,713
img_0374.png,6,1,789,651,818,721
img_0374.png,7,3,856,669,885,722
img_0374.png,8,0,894,670,913,728
img_0374.png,9,2,923,672,956,732
img_0374.png,10,7,965,676,986,739
img_0374.png,11,c,997,678,1019,744
img_0385.png,1,5,603,637,628,695
img_0385.png,2,5,640,648,662,700
img_0385.png,3,8,676,655,700,706
img_0385.png,4,6,703,657,729,713
img_0385.png,5,0,734,663,759,722
img_0385.png,6,1,771,670,792,723
img_0385.png,7,3,836,687,857,729
img_0385.png,8,0,866,688,887,739
img_0385.png,9,6,902,692,920,748
img_0385.png,10,8,941,696,956,767
img_0385.png,11,0,973,700,982,774
img_0396.png,1,5,952,440,946,500
img_0396.png,2,5,922,450,915,512
img_0396.png,3,8,889,463,881,522
img_0396.png,4,6,861,474,851,533
img_0396.png,5,0,830,485,827,548
img_0396.png,6,1,797,501,786,560
img_0396.png,7,5,737,527,725,588
img_0396.png,8,0,707,541,701,598
img_0396.png,9,6,668,548,663,607
img_0396.png,10,3,640,563,637,622
img_0396.png,11,9,615,577,601,638
img_0407.png,1,5,653,755,701,781
img_0407.png,2,5,688,736,733,770
img_0407.png,3,8,715,721,767,754
img_0407.png,4,6,745,694,797,733
img_0407.png,5,0,767,677,823,718
img_0407.png,6,1,794,659,854,700
img_0407.png,7,2,848,637,916,662
img_0407.png,8,0,888,611,943,652
img_0407.png,9,7,910,596,973,635
img_0407.png,10,6,939,575,1003,616
img_0407.png,11,8,970,557,1035,599
img_0418.png,1,5,644,499,621,565
img_0418.png,2,5,661,531,650,594
img_0418.png,3,8,688,557,676,620
img_0418.png,4,6,710,586,702,640
img_0418.png,5,0,732,602,714,661
img_0418.png,6,1,762,629,741,687
img_0418.png,7,4,803,677,795,733
img_0418.png,8,1,830,699,808,751
img_0418.png,9,0,853,719,836,784
img_0418.png,10,1,878,751,859,804
img_0418.png,11,6,904,771,886,833
img_0429.png,1,5,795,833,851,819
img_0429.png,2,5,811,800,864,785
img_0429.png,3,8,826,766,882,754
img_0429.png,4,6,838,737,890,728
img_0429.png,5,0,848,714,900,698
img_0429.png,6,2,870,683,920,657
img_0429.png,7,4,882,622,935,599
img_0429.png,8,0,894,580,954,570
img_0429.png,9,1,907,542,968,538
img_0429.png,10,8,915,516,982,512
img_0429.png,11,3,926,487,989,483
img_0440.png,1,5,751,392,793,435
img_0440.png,2,5,742,424,786,466
img_0440.png,3,8,733,459,778,501
img_0440.png,4,6,722,488,767,526
img_0440.png,5,0,712,510,761,555
img_0440.png,6,2,705,550,751,603
img_0440.png,7,1,685,617,735,650
img_0440.png,8,0,675,643,722,687
img_0440.png,9,3,666,680,711,722
img_0440.png,10,5,656,711,700,761
img_0440.png,11,C,644,747,692,793
img_0451.png,1,5,891,449,942,473
img_0451.png,2,5,866,465,915,496
img_0451.png,3,8,834,484,887,514
img_0451.png,4,6,805,505,858,531
img_0451.png,5,0,784,515,835,551
img_0451.png,6,2,745,536,810,571
img_0451.png,7,3,699,579,753,609
img_0451.png,8,0,669,603,726,625
img_0451.png,9,5,639,619,697,653
img_0451.png,10,0,617,632,670,665
img_0451.png,11,6,588,659,644,686
img_0462.png,1,5,829,810,889,795
img_0462.png,2,5,837,775,900,760
img_0462.png,3,8,848,741,917,726
img_0462.png,4,6,863,713,923,699
img_0462.png,5,0,875,684,935,673
img_0462.png,6,2,885,655,948,632
img_0462.png,7,4,911,587,965,569
img_0462.png,8,0,920,553,978,543
img_0462.png,9,7,927,521,989,508
img_0462.png,10,E,942,490,1004,478
img_0462.png,11,X,952,457,1019,439
img_0473.png,1,5,622,655,655,706
img_0473.png,2,5,658,657,689,707
img_0473.png,3,8,695,661,726,714
img_0473.png,4,6,726,659,756,714
img_0473.png,5,0,759,661,789,711
img_0473.png,6,2,792,657,834,714
img_0473.png,7,5,860,659,892,710
img_0473.png,8,0,889,658,920,711
img_0473.png,9,9,924,658,953,710
img_0473.png,10,9,957,663,987,710
img_0473.png,11,5,987,661,1014,713
img_0484.png,1,5,724,803,779,811
img_0484.png,2,5,749,770,805,785
img_0484.png,3,8,769,746,832,758
img_0484.png,4,6,788,719,850,731
img_0484.png,5,0,802,700,868,709
img_0484.png,6,2,829,676,894,667
img_0484.png,7,2,864,619,930,619
img_0484.png,8,1,889,586,945,598
img_0484.png,9,0,900,564,973,566
img_0484.png,10,5,933,525,990,542
img_0484.png,11,E,949,504,1017,516
img_0495.png,1,5,965,553,995,601
img_0495.png,2,5,934,550,964,601
img_0495.png,3,8,904,545,926,592
img_0495.png,4,6,868,540,898,595
img_0495.png,5,0,840,540,871,598
img_0495.png,6,3,792,535,830,595
img_0495.png,7,5,734,539,766,592
img_0495.png,8,0,702,539,733,595
img_0495.png,9,3,665,536,689,591
img_0495.png,10,4,632,531,658,592
img_0495.png,11,7,594,536,622,592
img_0506.png,1,5,883,405,842,441
img_0506.png,2,8,889,433,841,471
img_0506.png,3,4,897,458,845,505
img_0506.png,4,0,901,501,857,539
img_0506.png,5,6,907,528,861,569
img_0506.png,6,3,915,586,870,637
img_0506.png,7,0,920,637,868,677
img_0506.png,8,6,928,666,870,700
img_0506.png,9,8,930,689,875,737
img_0506.png,10,5,937,728,879,770
img_0506.png,11,5,942,762,883,803
img_0517.png,1,5,968,537,994,591
img_0517.png,2,5,933,536,963,586
img_0517.png,3,8,904,532,926,584
img_0517.png,4,6,870,525,900,582
img_0517.png,5,0,837,520,864,577
img_0517.png,6,3,798,516,830,576
img_0517.png,7,5,738,515,763,566
img_0517.png,8,0,710,509,735,561
img_0517.png,9,7,673,506,704,561
img_0517.png,10,6,638,499,668,553
img_0517.png,11,0,610,499,635,552
img_0528.png,1,5,922,455,968,490
img_0528.png,2,5,891,464,938,502
img_0528.png,3,8,858,473,907,517
img_0528.png,4,6,832,481,877,532
img_0528.png,5,0,797,488,853,545
img_0528.png,6,3,764,500,813,555
img_0528.png,7,5,707,531,752,574
img_0528.png,8,0,675,537,726,584
img_0528.png,9,9,645,553,696,596
img_0528.png,10,7,614,561,664,607
img_0528.png,11,3,582,568,633,622
img_0539.png,1,5,673,758,726,786
img_0539.png,2,5,702,739,759,770
img_0539.png,3,8,732,715,790,751
img_0539.png,4,6,759,696,816,736
img_0539.png,5,0,785,681,844,721
img_0539.png,6,3,814,662,879,696
img_0539.png,7,1,867,631,927,670
img_0539.png,8,1,898,611,954,650
img_0539.png,9,0,928,598,991,633
img_0539.png,10,6,965,568,1016,607
img_0539.png,11,6,989,554,1045,590
img_0550.png,1,5,636,580,648,648
img_0550.png,2,5,666,594,690,656
img_0550.png,3,8,708,604,712,676
img_0550.png,4,6,734,610,740,686
img_0550.png,5,0,766,620,776,702
img_0550.png,6,4,802,628,816,722
img_0550.png,7,5,856,660,872,726
img_0550.png,8,0,894,672,902,738
img_0550.png,9,2,924,680,936,756
img_0550.png,10,8,958,692,966,766
img_0550.png,11,C,986,708,1006,784
img_0561.png,1,5,846,406,778,430
img_0561.png,2,5,842,440,762,464
img_0561.png,3,8,824,482,756,497
img_0561.png,4,6,824,512,744,524
img_0561.png,5,0,818,542,744,562
img_0561.png,6,4,810,584,728,596
img_0561.png,7,2,790,634,706,654
img_0561.png,8,0,780,674,700,696
img_0561.png,9,3,778,714,698,726
img_0561.png,10,E,768,748,680,756
img_0561.png,11,2,768,776,660,796
img_0572.png,1,5,636,726,700,762
img_0572.png,2,5,674,712,734,746
img_0572.png,3,8,706,690,766,734
img_0572.png,4,6,734,678,798,722
img_0572.png,5,0,766,664,822,708
img_0572.png,6,4,792,648,862,688
img_0572.png,7,4,854,620,910,664
img_0572.png,8,0,882,604,940,654
img_0572.png,9,6,910,592,982,642
img_0572.png,10,0,950,572,1000,622
img_0572.png,11,0,972,562,1038,606
img_0583.png,1,5,690,776,770,794
img_0583.png,2,5,722,742,796,772
img_0583.png,3,8,748,718,826,746
img_0583.png,4,6,780,700,848,730
img_0583.png,5,0,802,680,870,704
img_0583.png,6,6,830,658,902,682
img_0583.png,7,6,874,614,948,634
img_0583.png,8,0,902,586,958,622
img_0583.png,9,7,916,572,988,598
img_0583.png,10,1,944,548,1004,572
img_0583.png,11,1,966,524,1032,554
img_0594.png,1,5,952,764,972,706
img_0594.png,2,5,928,730,956,670
img_0594.png,3,8,906,696,942,638
img_0594.png,4,6,892,672,922,610
img_0594.png,5,0,870,640,910,584
img_0594.png,6,4,858,618,892,538
img_0594.png,7,1,820,560,860,504
img_0594.png,8,0,798,524,842,472
img_0594.png,9,2,786,508,824,444
img_0594.png,10,4,770,476,808,414
img_0594.png,11,2,750,446,778,372
img_0605.png,1,5,986,724,1004,660
img_0605.png,2,5,962,700,982,634
img_0605.png,3,8,938,672,958,606
img_0605.png,4,6,916,648,938,584
img_0605.png,5,0,896,620,918,558
img_0605.png,6,4,878,598,880,532
img_0605.png,7,5,822,552,844,486
img_0605.png,8,1,798,528,828,470
img_0605.png,9,1,778,508,804,444
img_0605.png,10,X,752,488,785,418
img_0605.png,11,E,736,452,762,390
img_0616.png,1,5,726,790,800,808
img_0616.png,2,5,748,762,824,780
img_0616.png,3,8,774,738,850,758
img_0616.png,4,6,792,718,870,728
img_0616.png,5,0,816,688,886,706
img_0616.png,6,5,834,670,918,672
img_0616.png,7,5,874,614,958,636
img_0616.png,8,0,892,590,976,608
img_0616.png,9,2,924,562,1006,576
img_0616.png,10,6,944,530,1024,546
img_0616.png,11,8,946,494,1028,502
img_0627.png,1,5,698,790,762,804
img_0627.png,2,5,724,766,794,780
img_0627.png,3,8,752,738,818,758
img_0627.png,4,6,778,716,844,736
img_0627.png,5,0,802,696,866,712
img_0627.png,6,5,826,674,892,684
img_0627.png,7,6,872,618,942,652
img_0627.png,8,0,892,602,968,628
img_0627.png,9,4,922,578,992,600
img_0627.png,10,4,948,558,1008,582
img_0627.png,11,1,966,538,1026,560
img_0638.png,1,5,630,722,684,764
img_0638.png,2,5,664,710,718,752
img_0638.png,3,8,690,686,754,744
img_0638.png,4,6,730,682,782,732
img_0638.png,5,0,760,670,808,722
img_0638.png,6,5,788,652,848,700
img_0638.png,7,2,848,636,912,684
img_0638.png,8,0,886,620,939,668
img_0638.png,9,6,922,610,978,654
img_0638.png,10,4,954,596,1000,642
img_0638.png,11,5,976,586,1038,628
img_0649.png,1,5,942,750,986,686
img_0649.png,2,5,920,720,978,648
img_0649.png,3,8,910,684,958,620
img_0649.png,4,6,890,658,942,588
img_0649.png,5,0,870,628,926,572
img_0649.png,6,5,860,616,892,534
img_0649.png,7,3,826,552,870,481
img_0649.png,8,0,804,516,858,454
img_0649.png,9,8,784,490,834,430
img_0649.png,10,2,768,472,824,400
img_0649.png,11,E,750,440,802,366
img_0660.png,1,5,1016,600,952,548
img_0660.png,2,5,956,616,918,542
img_0660.png,3,8,924,604,890,540
img_0660.png,4,6,890,618,858,544
img_0660.png,5,0,862,614,826,544
img_0660.png,6,5,830,618,781,554
img_0660.png,7,5,772,624,730,562
img_0660.png,8,0,736,620,698,562
img_0660.png,9,9,710,622,666,562
img_0660.png,10,3,676,630,627,566
img_0660.png,11,X,636,636,590,566
img_0671.png,1,5,1030,618,1008,548
img_0671.png,2,5,994,608,972,534
img_0671.png,3,8,956,600,938,530
img_0671.png,4,6,924,596,910,514
img_0671.png,5,0,890,588,880,510
img_0671.png,6,6,858,582,836,502
img_0671.png,7,3,798,562,778,493
img_0671.png,8,0,764,554,748,486
img_0671.png,9,2,734,548,714,476
img_0671.png,10,C,700,536,676,466
img_0671.png,11,0,664,526,640,456
img_0682.png,1,5,664,498,650,564
img_0682.png,2,5,692,524,674,594
img_0682.png,3,8,720,554,698,622
img_0682.png,4,6,742,576,720,646
img_0682.png,5,0,766,600,736,666
img_0682.png,6,6,784,622,770,698
img_0682.png,7,5,824,668,822,730
img_0682.png,8,0,852,696,828,760
img_0682.png,9,3,876,724,856,790
img_0682.png,10,E,902,746,876,822
img_0682.png,11,1,928,772,900,838
img_0693.png,1,5,988,710,1004,640
img_0693.png,2,5,956,682,980,614
img_0693.png,3,8,928,658,956,586
img_0693.png,4,6,906,638,940,566
img_0693.png,5,0,884,616,918,542
img_0693.png,6,6,868,590,886,516
img_0693.png,7,4,826,542,850,472
img_0693.png,8,0,802,516,824,446
img_0693.png,9,5,772,488,798,428
img_0693.png,10,8,750,464,768,406
img_0693.png,11,1,732,442,750,384
img_0704.png,1,5,630,550,632,626
img_0704.png,2,5,668,574,666,646
img_0704.png,3,8,698,594,696,664
img_0704.png,4,6,722,610,726,680
img_0704.png,5,0,754,628,750,694
img_0704.png,6,6,782,644,780,724
img_0704.png,7,4,834,674,836,746
img_0704.png,8,0,868,694,860,766
img_0704.png,9,7,890,702,898,778
img_0704.png,10,3,928,712,926,800
img_0704.png,11,4,964,734,960,816
img_0715.png,1,5,936,454,858,442
img_0715.png,2,5,912,484,840,476
img_0715.png,3,8,892,520,818,506
img_0715.png,4,6,876,548,800,528
img_0715.png,5,0,850,568,776,552
img_0715.png,6,6,830,588,752,584
img_0715.png,7,2,800,636,722,630
img_0715.png,8,1,768,672,698,656
img_0715.png,9,0,750,694,668,680
img_0715.png,10,C,734,728,652,708
img_0715.png,11,3,712,760,632,740
img_0726.png,1,5,668,490,652,552
img_0726.png,2,5,688,516,676,578
img_0726.png,3,8,716,538,694,598
img_0726.png,4,6,738,560,718,620
img_0726.png,5,0,764,582,736,646
img_0726.png,6,7,780,604,766,678
img_0726.png,7,2,814,650,810,718
img_0726.png,8,0,844,686,834,742
img_0726.png,9,1,870,706,854,768
img_0726.png,10,4,894,736,882,790
img_0726.png,11,0,914,756,896,820
img_0737.png,1,5,984,726,988,656
img_0737.png,2,5,952,704,964,634
img_0737.png,3,8,922,682,932,614
img_0737.png,4,6,896,664,910,594
img_0737.png,5,0,872,646,886,578
img_0737.png,6,7,842,632,850,552
img_0737.png,7,5,800,592,790,522
img_0737.png,8,0,760,568,774,503
img_0737.png,9,3,734,552,740,476
img_0737.png,10,9,708,526,710,458
img_0737.png,11,X,680,506,684,436
img_0748.png,1,5,872,812,918,770
img_0748.png,2,5,866,774,918,736
img_0748.png,3,8,864,742,918,702
img_0748.png,4,6,864,712,920,668
img_0748.png,5,0,860,674,920,640
img_0748.png,6,7,848,646,908,594
img_0748.png,7,6,846,590,900,534
img_0748.png,8,0,836,542,894,508
img_0748.png,9,5,832,512,886,470
img_0748.png,10,7,826,478,888,431
img_0748.png,11,5,828,440,884,402
img_0759.png,1,5,1006,606,976,546
img_0759.png,2,5,966,600,944,538
img_0759.png,3,8,936,592,908,532
img_0759.png,4,6,898,588,876,526
img_0759.png,5,0,864,584,848,520
img_0759.png,6,7,836,582,804,514
img_0759.png,7,3,780,570,744,510
img_0759.png,8,0,738,562,712,504
img_0759.png,9,6,698,562,676,494
img_0759.png,10,0,666,558,648,490
img_0759.png,11,4,640,552,616,488
img_0770.png,1,5,878,428,812,422
img_0770.png,2,5,866,458,796,450
img_0770.png,3,8,848,490,766,466
img_0770.png,4,6,838,510,764,503
img_0770.png,5,0,812,536,736,526
img_0770.png,6,7,798,568,720,564
img_0770.png,7,6,764,624,690,612
img_0770.png,8,0,746,648,668,642
img_0770.png,9,b,722,678,644,674
img_0770.png,10,8,706,716,630,698
img_0770.png,11,C,698,740,610,734
img_0781.png,1,5,984,544,920,502
img_0781.png,2,5,946,562,882,510
img_0781.png,3,8,908,570,854,524
img_0781.png,4,6,880,586,826,528
img_0781.png,5,0,850,592,800,540
img_0781.png,6,7,824,604,756,556
img_0781.png,7,5,760,626,706,582
img_0781.png,8,1,730,638,680,584
img_0781.png,9,0,698,644,639,600
img_0781.png,10,X,666,658,614,610
img_0781.png,11,C,632,666,566,626
img_0792.png,1,5,890,818,948,764
img_0792.png,2,5,876,786,940,732
img_0792.png,3,8,874,750,930,700
img_0792.png,4,6,862,718,928,668
img_0792.png,5,0,848,688,920,636
img_0792.png,6,8,840,654,906,592
img_0792.png,7,5,838,592,896,538
img_0792.png,8,0,830,548,886,508
img_0792.png,9,9,818,534,884,466
img_0792.png,10,0,806,488,874,438
img_0792.png,11,2,800,460,866,384
img_0803.png,1,5,716,796,802,790
img_0803.png,2,5,742,756,822,766
img_0803.png,3,8,762,734,838,738
img_0803.png,4,6,780,700,860,706
img_0803.png,5,0,800,668,870,680
img_0803.png,6,8,818,646,894,638
img_0803.png,7,1,848,588,922,606
img_0803.png,8,0,866,562,942,562
img_0803.png,9,4,882,528,966,538
img_0803.png,10,0,900,498,984,506
img_0803.png,11,6,924,468,1004,468
img_0814.png,1,5,834,808,904,770
img_0814.png,2,5,836,768,914,736
img_0814.png,3,8,840,730,918,704
img_0814.png,4,6,838,704,930,670
img_0814.png,5,0,840,666,928,646
img_0814.png,6,8,844,642,930,606
img_0814.png,7,6,854,578,914,544
img_0814.png,8,0,852,536,924,506
img_0814.png,9,6,846,504,928,468
img_0814.png,10,X,850,462,930,434
img_0814.png,11,E,854,430,936,402
img_0825.png,1,5,812,414,740,438
img_0825.png,2,5,810,452,728,470
img_0825.png,3,8,806,488,718,508
img_0825.png,4,6,802,524,716,536
img_0825.png,5,0,796,552,712,568
img_0825.png,6,8,792,586,706,612
img_0825.png,7,6,784,650,698,666
img_0825.png,8,0,786,682,688,702
img_0825.png,9,8,780,724,692,742
img_0825.png,10,0,780,758,678,772
img_0825.png,11,1,764,786,674,802
img_0836.png,1,5,790,418,732,468
img_0836.png,2,5,800,460,732,500
img_0836.png,3,8,804,494,734,530
img_0836.png,4,6,806,520,738,566
img_0836.png,5,0,814,560,742,596
img_0836.png,6,8,812,588,742,634
img_0836.png,7,2,818,654,758,704
img_0836.png,8,1,822,690,758,727
img_0836.png,9,0,822,722,760,774
img_0836.png,10,6,826,770,766,806
img_0836.png,11,X,830,796,770,840
img_0847.png,1,5,770,830,846,812
img_0847.png,2,5,790,784,862,790
img_0847.png,3,8,808,756,881,762
img_0847.png,4,6,826,730,908,736
img_0847.png,5,0,848,698,926,710
img_0847.png,6,9,862,676,946,678
img_0847.png,7,1,894,618,962,630
img_0847.png,8,0,910,580,984,590
img_0847.png,9,3,934,550,1008,560
img_0847.png,10,4,952,518,1026,530
img_0847.png,11,9,966,496,1052,508
img_0858.png,1,5,602,678,636,728
img_0858.png,2,5,638,676,666,740
img_0858.png,3,8,678,680,700,752
img_0858.png,4,6,710,684,732,766
img_0858.png,5,0,738,688,758,758
img_0858.png,6,2,764,692,796,760
img_0858.png,7,2,822,696,860,764
img_0858.png,8,0,868,698,896,770
img_0858.png,9,5,904,700,928,782
img_0858.png,10,2,942,700,960,776
img_0858.png,11,2,970,710,1004,776
img_0869.png,1,5,864,812,922,778
img_0869.png,2,5,866,768,938,742
img_0869.png,3,8,870,732,942,708
img_0869.png,4,6,872,706,952,680
img_0869.png,5,0,874,670,958,648
img_0869.png,6,9,880,638,964,618
img_0869.png,7,5,890,582,954,552
img_0869.png,8,0,898,542,968,518
img_0869.png,9,7,904,510,968,486
img_0869.png,10,7,902,476,974,452
img_0869.png,11,1,906,440,976,428
img_0880.png,1,5,646,548,630,612
img_0880.png,2,5,668,572,646,642
img_0880.png,3,8,694,604,668,670
img_0880.png,4,6,718,628,694,694
img_0880.png,5,0,738,654,712,714
img_0880.png,6,9,758,674,728,742
img_0880.png,7,3,796,724,774,788
img_0880.png,8,0,822,748,798,814
img_0880.png,9,9,848,770,818,840
img_0880.png,10,1,868,800,834,864
img_0880.png,11,E,886,824,860,898
img_0891.png,1,5,642,548,628,618
img_0891.png,2,5,670,576,652,644
img_0891.png,3,8,694,606,674,672
img_0891.png,4,6,718,624,692,694
img_0891.png,5,1,740,650,710,706
img_0891.png,6,0,752,678,746,746
img_0891.png,7,5,790,720,792,786
img_0891.png,8,0,826,750,806,812
img_0891.png,9,2,848,770,826,844
img_0891.png,10,2,880,788,853,866
img_0891.png,11,8,910,816,872,892
img_0902.png,1,5,776,442,704,470
img_0902.png,2,5,772,484,696,503
img_0902.png,3,8,770,516,692,536
img_0902.png,4,6,776,542,686,564
img_0902.png,5,1,756,578,678,588
img_0902.png,6,0,746,602,674,636
img_0902.png,7,1,742,676,662,692
img_0902.png,8,0,738,702,654,730
img_0902.png,9,3,736,746,642,760
img_0902.png,10,X,734,772,644,790
img_0902.png,11,0,726,806,632,838
img_0913.png,1,5,858,430,776,414
img_0913.png,2,5,832,466,746,436
img_0913.png,3,8,804,486,724,460
img_0913.png,4,6,782,508,702,480
img_0913.png,5,1,762,534,688,508
img_0913.png,6,0,734,560,654,542
img_0913.png,7,6,704,610,618,586
img_0913.png,8,0,678,642,594,604
img_0913.png,9,5,654,660,570,634
img_0913.png,10,7,628,690,546,660
img_0913.png,11,9,606,712,520,696
img_0924.png,1,5,988,620,966,548
img_0924.png,2,5,950,610,928,540
img_0924.png,3,8,912,600,892,530
img_0924.png,4,6,888,598,870,520
img_0924.png,5,1,852,596,842,520
img_0924.png,6,0,822,582,796,520
img_0924.png,7,1,764,566,742,509
img_0924.png,8,0,720,562,696,500
img_0924.png,9,7,690,570,664,494
img_0924.png,10,C,650,552,632,492
img_0924.png,11,C,620,552,606,484
img_0935.png,1,5,798,796,872,784
img_0935.png,2,5,814,764,890,756
img_0935.png,3,8,828,732,908,726
img_0935.png,4,6,842,704,916,692
img_0935.png,5,1,852,668,926,670
img_0935.png,6,0,864,640,946,626
img_0935.png,7,1,892,582,960,572
img_0935.png,8,0,898,544,976,536
img_0935.png,9,2,912,518,994,510
img_0935.png,10,E,920,482,1012,470
img_0935.png,11,0,934,444,1018,436
img_0946.png,1,5,620,608,648,662
img_0946.png,2,5,664,614,678,688
img_0946.png,3,8,700,620,706,694
img_0946.png,4,6,730,626,740,700
img_0946.png,5,1,762,632,760,714
img_0946.png,6,1,792,644,796,726
img_0946.png,7,2,846,656,870,744
img_0946.png,8,0,892,670,898,756
img_0946.png,9,2,920,678,934,766
img_0946.png,10,9,960,684,966,778
img_0946.png,11,6,990,700,1004,784
img_0957.png,1,5,740,794,812,804
img_0957.png,2,5,766,768,842,782
img_0957.png,3,8,788,742,856,752
img_0957.png,4,6,812,716,876,728
img_0957.png,5,1,828,688,894,708
img_0957.png,6,1,844,664,918,682
img_0957.png,7,3,876,620,964,626
img_0957.png,8,0,906,584,978,594
img_0957.png,9,4,930,554,996,568
img_0957.png,10,7,944,536,1014,546
img_0957.png,11,3,968,508,1036,518
img_0968.png,1,5,672,510,644,572
img_0968.png,2,5,690,540,660,606
img_0968.png,3,8,712,572,668,638
img_0968.png,4,6,732,602,686,666
img_0968.png,5,1,750,628,700,679
img_0968.png,6,1,756,656,726,714
img_0968.png,7,5,788,714,766,776
img_0968.png,8,0,806,746,776,796
img_0968.png,9,6,824,774,794,828
img_0968.png,10,2,844,798,814,858
img_0968.png,11,X,862,824,830,890
img_0979.png,1,5,972,558,928,498
img_0979.png,2,5,936,562,892,498
img_0979.png,3,8,896,564,856,498
img_0979.png,4,6,864,560,828,496
img_0979.png,5,1,834,556,808,492
img_0979.png,6,1,810,558,768,500
img_0979.png,7,4,734,576,694,505
img_0979.png,8,0,698,586,662,506
img_0979.png,9,7,674,586,626,512
img_0979.png,10,X,636,592,594,512
img_0979.png,11,4,602,594,566,512
img_0990.png,1,5,910,786,954,732
img_0990.png,2,5,904,744,952,698
img_0990.png,3,8,894,710,946,664
img_0990.png,4,6,882,676,944,632
img_0990.png,5,1,874,648,936,608
img_0990.png,6,1,872,620,928,570
img_0990.png,7,7,860,554,908,508
img_0990.png,8,0,854,516,912,470
img_0990.png,9,2,848,488,904,436
img_0990.png,10,3,838,450,898,398
img_0990.png,11,7,826,414,888,372
img_1001.png,1,5,614,610,612,676
img_1001.png,2,5,648,630,638,696
img_1001.png,3,8,674,654,660,720
img_1001.png,4,6,698,674,684,744
img_1001.png,5,1,726,692,698,762
img_1001.png,6,2,748,712,736,788
img_1001.png,7,6,798,756,792,818
img_1001.png,8,0,826,774,814,842
img_1001.png,9,2,852,794,846,862
img_1001.png,10,8,878,814,868,890
img_1001.png,11,7,908,832,902,912
img_1012.png,1,5,626,690,672,754
img_1012.png,2,5,664,684,708,754
img_1012.png,3,8,700,680,744,744
img_1012.png,4,6,732,680,774,750
img_1012.png,5,1,766,676,792,740
img_1012.png,6,2,794,670,852,728
img_1012.png,7,1,860,660,896,720
img_1012.png,8,0,894,656,942,716
img_1012.png,9,4,932,646,966,708
img_1012.png,10,E,962,646,1006,704
img_1012.png,11,8,994,638,1040,698
img_1023.png,1,5,632,554,634,624
img_1023.png,2,5,668,572,662,648
img_1023.png,3,8,692,592,690,668
img_1023.png,4,6,720,616,714,692
img_1023.png,5,1,748,630,734,702
img_1023.png,6,2,766,648,774,730
img_1023.png,7,2,824,686,824,758
img_1023.png,8,0,854,708,850,782
img_1023.png,9,6,884,728,876,802
img_1023.png,10,9,914,748,910,816
img_1023.png,11,1,942,766,930,830
img_1034.png,1,5,894,798,944,752
img_1034.png,2,5,888,760,942,712
img_1034.png,3,8,880,722,936,678
img_1034.png,4,6,866,698,936,648
img_1034.png,5,1,862,662,932,622
img_1034.png,6,2,864,630,930,574
img_1034.png,7,3,852,564,908,518
img_1034.png,8,0,842,530,902,488
img_1034.png,9,8,836,502,898,446
img_1034.png,10,7,822,458,894,418
img_1034.png,11,7,816,430,890,388
img_1045.png,1,5,928,496,868,452
img_1045.png,2,5,890,512,832,460
img_1045.png,3,8,854,524,804,470
img_1045.png,4,6,826,534,776,480
img_1045.png,5,1,798,532,750,490
img_1045.png,6,3,770,550,700,504
img_1045.png,7,5,710,562,656,532
img_1045.png,8,0,682,580,627,542
img_1045.png,9,1,642,596,593,552
img_1045.png,10,2,610,606,554,560
img_1045.png,11,7,584,618,523,570
img_1056.png,1,5,802,428,748,456
img_1056.png,2,5,802,464,740,490
img_1056.png,3,8,796,506,730,520
img_1056.png,4,6,794,534,730,556
img_1056.png,5,1,790,572,726,584
img_1056.png,6,3,790,608,716,628
img_1056.png,7,1,778,660,696,675
img_1056.png,8,0,772,694,702,722
img_1056.png,9,2,766,738,688,758
img_1056.png,10,8,758,770,684,784
img_1056.png,11,3,752,792,678,808
img_1067.png,1,5,990,528,936,480
img_1067.png,2,5,954,538,906,482
img_1067.png,3,8,918,544,872,486
img_1067.png,4,6,888,554,840,486
img_1067.png,5,1,852,556,810,492
img_1067.png,6,3,824,552,760,508
img_1067.png,7,4,764,564,708,516
img_1067.png,8,0,718,574,676,522
img_1067.png,9,4,694,580,646,524
img_1067.png,10,0,662,596,612,528
img_1067.png,11,2,624,596,566,538
img_1078.png,1,5,960,714,964,646
img_1078.png,2,5,926,690,944,624
img_1078.png,3,8,898,664,920,596
img_1078.png,4,6,876,642,904,570
img_1078.png,5,1,858,612,886,556
img_1078.png,6,3,842,586,844,528
img_1078.png,7,7,800,560,812,491
img_1078.png,8,0,770,524,784,464
img_1078.png,9,6,740,500,758,432
img_1078.png,10,8,716,470,736,404
img_1078.png,11,F,690,446,712,380
img_1089.png,1,5,640,550,640,610
img_1089.png,2,5,668,562,670,630
img_1089.png,3,8,704,578,702,652
img_1089.png,4,6,730,596,728,670
img_1089.png,5,1,766,614,742,684
img_1089.png,6,3,792,632,786,714
img_1089.png,7,2,834,670,836,736
img_1089.png,8,0,866,688,872,764
img_1089.png,9,8,904,710,896,778
img_1089.png,10,8,930,726,924,798
img_1089.png,11,2,960,744,952,814
img_1100.png,1,5,974,470,1010,522
img_1100.png,2,5,938,472,976,522
img_1100.png,3,8,902,474,938,524
img_1100.png,4,6,874,474,906,524
img_1100.png,5,1,850,474,874,524
img_1100.png,6,4,802,474,842,528
img_1100.png,7,3,744,478,782,530
img_1100.png,8,0,708,478,748,532
img_1100.png,9,1,682,486,704,536
img_1100.png,10,6,644,484,674,534
img_1100.png,11,X,606,484,642,538
img_1111.png,1,5,998,574,1005,630
img_1111.png,2,5,966,558,976,614
img_1111.png,3,8,938,538,942,598
img_1111.png,4,6,908,522,912,584
img_1111.png,5,1,890,514,884,564
img_1111.png,6,4,850,494,854,552
img_1111.png,7,5,794,466,800,524
img_1111.png,8,0,772,452,770,508
img_1111.png,9,3,734,434,736,492
img_1111.png,10,1,710,424,710,478
img_1111.png,11,8,672,406,680,462
img_1122.png,1,5,788,828,840,824
img_1122.png,2,5,800,798,848,792
img_1122.png,3,8,818,764,872,762
img_1122.png,4,6,832,736,886,730
img_1122.png,5,1,846,708,896,712
img_1122.png,6,4,864,680,912,672
img_1122.png,7,1,888,622,932,610
img_1122.png,8,0,902,586,948,576
img_1122.png,9,4,908,552,962,546
img_1122.png,10,7,920,526,974,518
img_1122.png,11,4,932,496,992,494
img_1133.png,1,5,636,606,648,664
img_1133.png,2,5,670,624,680,680
img_1133.png,3,8,702,642,710,694
img_1133.png,4,6,730,656,736,708
img_1133.png,5,1,756,670,760,718
img_1133.png,6,4,790,680,796,740
img_1133.png,7,4,846,706,854,766
img_1133.png,8,9,878,722,882,782
img_1133.png,9,6,914,736,920,794
img_1133.png,10,X,944,752,952,814
img_1133.png,11,3,976,772,980,824
img_1144.png,1,5,782,776,834,778
img_1144.png,2,5,800,748,856,754
img_1144.png,3,8,820,718,880,726
img_1144.png,4,6,844,690,900,700
img_1144.png,5,1,858,666,912,684
img_1144.png,6,4,880,636,936,642
img_1144.png,7,4,918,592,968,590
img_1144.png,8,0,938,562,988,570
img_1144.png,9,8,952,534,1010,540
img_1144.png,10,0,972,504,1030,510
img_1144.png,11,6,996,470,1052,480
img_1155.png,1,5,882,446,934,460
img_1155.png,2,5,854,466,908,484
img_1155.png,3,8,826,486,880,506
img_1155.png,4,6,798,506,848,526
img_1155.png,5,1,782,522,828,546
img_1155.png,6,5,746,550,804,566
img_1155.png,7,2,698,592,754,606
img_1155.png,8,0,668,614,724,632
img_1155.png,9,1,640,632,696,658
img_1155.png,10,7,620,650,674,676
img_1155.png,11,7,592,670,654,696
img_1166.png,1,5,756,412,706,440
img_1166.png,2,5,756,448,702,472
img_1166.png,3,8,758,480,702,506
img_1166.png,4,6,754,516,696,538
img_1166.png,5,1,748,548,698,560
img_1166.png,6,5,748,576,694,608
img_1166.png,7,3,738,640,690,668
img_1166.png,8,0,736,680,684,698
img_1166.png,9,3,734,714,684,738
img_1166.png,10,5,736,754,678,772
img_1166.png,11,0,732,782,672,798
img_1177.png,1,5,688,748,732,778
img_1177.png,2,5,714,734,762,764
img_1177.png,3,8,748,718,796,754
img_1177.png,4,6,780,702,828,740
img_1177.png,5,1,808,692,848,728
img_1177.png,6,5,832,680,886,708
img_1177.png,7,5,898,650,942,688
img_1177.png,8,0,922,634,972,678
img_1177.png,9,5,952,622,1002,654
img_1177.png,10,0,982,608,1032,644
img_1177.png,11,9,1012,596,1060,630
img_1188.png,1,5,616,666,652,716
img_1188.png,2,5,656,670,686,718
img_1188.png,3,8,694,670,720,720
img_1188.png,4,6,724,670,752,720
img_1188.png,5,1,758,672,774,726
img_1188.png,6,5,790,670,822,726
img_1188.png,7,6,848,678,880,730
img_1188.png,8,0,886,680,912,734
img_1188.png,9,7,916,680,946,732
img_1188.png,10,E,952,686,984,736
img_1188.png,11,2,990,686,1016,740
img_1199.png,1,5,664,486,634,536
img_1199.png,2,5,678,524,642,568
img_1199.png,3,8,690,554,652,598
img_1199.png,4,6,704,584,666,630
img_1199.png,5,1,714,616,674,652
img_1199.png,6,5,722,640,696,692
img_1199.png,7,1,748,708,712,746
img_1199.png,8,0,762,748,724,786
img_1199.png,9,8,776,776,740,818
img_1199.png,10,7,792,806,750,846
img_1199.png,11,8,800,840,762,884
img_1210.png,1,5,952,492,988,546
img_1210.png,2,5,918,496,950,544
img_1210.png,3,8,886,494,914,548
img_1210.png,4,6,852,494,886,546
img_1210.png,5,1,830,496,850,546
img_1210.png,6,6,782,496,816,548
img_1210.png,7,1,726,498,750,544
img_1210.png,8,0,684,496,714,546
img_1210.png,9,2,650,498,680,548
img_1210.png,10,2,618,498,652,548
img_1210.png,11,C,586,500,610,548
img_1221.png,1,5,732,420,774,460
img_1221.png,2,5,726,452,764,496
img_1221.png,3,8,718,492,754,528
img_1221.png,4,6,708,518,750,560
img_1221.png,5,1,698,548,744,586
img_1221.png,6,6,686,576,734,626
img_1221.png,7,2,670,638,720,684
img_1221.png,8,0,660,674,712,716
img_1221.png,9,4,652,710,698,754
img_1221.png,10,0,644,744,690,782
img_1221.png,11,3,640,774,692,824
img_1232.png,1,5,1002,572,1009,622
img_1232.png,2,5,974,556,978,612
img_1232.png,3,8,946,532,952,588
img_1232.png,4,6,920,516,922,572
img_1232.png,5,1,898,500,894,556
img_1232.png,6,6,856,480,864,542
img_1232.png,7,2,806,450,816,510
img_1232.png,8,0,776,436,780,494
img_1232.png,9,6,748,416,750,476
img_1232.png,10,1,722,402,724,458
img_1232.png,11,6,680,380,690,442
img_1243.png,1,5,968,750,922,792
img_1243.png,2,5,952,722,910,764
img_1243.png,3,8,952,686,902,730
img_1243.png,4,6,946,654,892,696
img_1243.png,5,1,940,630,884,666
img_1243.png,6,6,922,584,888,628
img_1243.png,7,3,918,524,872,566
img_1243.png,8,0,912,488,860,536
img_1243.png,9,7,906,464,854,498
img_1243.png,10,5,900,422,850,470
img_1243.png,11,4,886,392,842,432
img_1254.png,1,5,676,738,720,786
img_1254.png,2,5,706,732,753,782
img_1254.png,3,8,740,724,788,778
img_1254.png,4,6,774,714,820,770
img_1254.png,5,1,810,710,844,766
img_1254.png,6,6,838,704,892,756
img_1254.png,7,4,900,684,942,732
img_1254.png,8,0,932,682,978,728
img_1254.png,9,9,968,668,1010,720
img_1254.png,10,3,1000,660,1044,712
img_1254.png,11,C,1032,648,1082,708
img_1265.png,1,5,872,758,912,792
img_1265.png,2,5,874,724,920,760
img_1265.png,3,8,880,694,926,726
img_1265.png,4,6,886,662,930,696
img_1265.png,5,1,888,634,934,666
img_1265.png,6,7,888,588,938,632
img_1265.png,7,5,886,524,942,562
img_1265.png,8,6,894,496,952,532
img_1265.png,9,2,908,456,952,492
img_1265.png,10,1,908,430,964,458
img_1265.png,11,7,910,392,962,434
img_1276.png,1,5,894,430,944,450
img_1276.png,2,5,862,450,914,470
img_1276.png,3,8,832,468,884,490
img_1276.png,4,6,810,484,860,508
img_1276.png,5,1,788,498,836,526
img_1276.png,6,7,758,520,810,544
img_1276.png,7,6,704,556,754,580
img_1276.png,8,0,680,572,732,604
img_1276.png,9,4,640,596,692,622
img_1276.png,10,X,612,616,666,642
img_1276.png,11,0,588,634,638,658
img_1287.png,1,5,972,534,992,590
img_1287.png,2,5,940,528,958,576
img_1287.png,3,8,912,516,924,564
img_1287.png,4,6,882,504,900,558
img_1287.png,5,1,854,496,868,548
img_1287.png,6,7,814,484,838,540
img_1287.png,7,6,760,462,776,518
img_1287.png,8,0,726,452,746,508
img_1287.png,9,6,696,440,712,496
img_1287.png,10,0,664,434,682,484
img_1287.png,11,3,626,418,650,476
img_1298.png,1,5,978,550,1006,600
img_1298.png,2,5,940,542,966,592
img_1298.png,3,8,906,534,930,590
img_1298.png,4,6,876,534,899,582
img_1298.png,5,1,852,526,866,582
img_1298.png,6,7,804,520,836,574
img_1298.png,7,1,754,514,768,564
img_1298.png,8,0,712,508,736,562
img_1298.png,9,7,676,504,704,560
img_1298.png,10,9,642,496,662,552
img_1298.png,11,9,612,490,636,548
img_1309.png,1,5,988,636,986,694
img_1309.png,2,5,952,614,960,676
img_1309.png,3,8,926,596,926,650
img_1309.png,4,6,898,572,898,632
img_1309.png,5,1,876,558,868,614
img_1309.png,6,7,834,536,846,598
img_1309.png,7,1,792,498,796,558
img_1309.png,8,0,762,474,760,538
img_1309.png,9,9,732,460,730,522
img_1309.png,10,C,708,436,698,504
img_1309.png,11,X,670,416,672,488
img_1320.png,1,5,796,808,848,814
img_1320.png,2,5,812,784,866,784
img_1320.png,3,8,834,746,888,758
img_1320.png,4,6,850,726,906,732
img_1320.png,5,1,866,702,920,714
img_1320.png,6,8,884,676,944,672
img_1320.png,7,2,918,626,974,620
img_1320.png,8,0,944,590,996,592
img_1320.png,9,2,962,558,1018,564
img_1320.png,10,8,978,530,1030,536
img_1320.png,11,9,994,502,1052,506
img_1331.png,1,5,766,822,816,828
img_1331.png,2,5,790,792,848,812
img_1331.png,3,8,812,768,868,778
img_1331.png,4,6,836,744,890,758
img_1331.png,5,1,856,722,908,738
img_1331.png,6,8,882,696,940,704
img_1331.png,7,9,920,646,978,660
img_1331.png,8,0,950,616,1002,634
img_1331.png,9,4,968,594,1028,606
img_1331.png,10,9,990,570,1052,584
img_1331.png,11,X,1016,544,1072,560
img_1342.png,1,5,670,738,714,776
img_1342.png,2,6,700,728,750,764
img_1342.png,3,8,738,714,778,752
img_1342.png,4,6,764,702,810,740
img_1342.png,5,1,796,690,832,732
img_1342.png,6,8,826,680,870,712
img_1342.png,7,2,880,662,932,696
img_1342.png,8,0,920,644,960,676
img_1342.png,9,6,950,630,998,666
img_1342.png,10,C,984,616,1030,654
img_1342.png,11,2,1012,604,1060,642
img_1353.png,1,5,726,456,690,498
img_1353.png,2,5,740,488,698,532
img_1353.png,3,8,752,522,708,566
img_1353.png,4,6,762,556,720,598
img_1353.png,5,1,774,588,718,618
img_1353.png,6,8,784,620,742,662
img_1353.png,7,3,796,672,762,716
img_1353.png,8,0,804,710,768,754
img_1353.png,9,8,814,744,774,782
img_1353.png,10,8,820,772,784,818
img_1353.png,11,8,834,808,806,844
img_1364.png,1,5,616,554,602,608
img_1364.png,2,5,640,578,628,632
img_1364.png,3,8,662,602,650,654
img_1364.png,4,6,682,632,672,678
img_1364.png,5,1,710,650,686,698
img_1364.png,6,9,730,670,718,730
img_1364.png,7,5,776,708,768,766
img_1364.png,8,0,806,736,792,792
img_1364.png,9,1,834,770,808,822
img_1364.png,10,3,854,790,844,842
img_1364.png,11,8,880,816,864,868
img_1375.png,1,5,940,758,892,788
img_1375.png,2,5,942,722,894,754
img_1375.png,3,8,944,690,892,720
img_1375.png,4,6,948,658,894,688
img_1375.png,5,1,944,630,892,658
img_1375.png,6,9,946,594,894,626
img_1375.png,7,5,942,530,892,562
img_1375.png,8,0,940,496,896,530
img_1375.png,9,3,948,456,896,490
img_1375.png,10,4,948,428,894,454
img_1375.png,11,E,948,390,898,424
img_1386.png,1,5,658,504,642,552
img_1386.png,2,5,678,532,662,580
img_1386.png,3,8,698,558,678,608
img_1386.png,4,6,716,582,700,634
img_1386.png,5,1,736,608,716,654
img_1386.png,6,9,752,632,734,686
img_1386.png,7,6,794,682,782,736
img_1386.png,8,0,820,712,796,762
img_1386.png,9,4,838,736,820,790
img_1386.png,10,8,860,766,840,816
img_1386.png,11,9,876,794,864,850
img_1397.png,1,5,992,628,998,686
img_1397.png,2,5,958,610,966,666
img_1397.png,3,8,932,592,936,646
img_1397.png,4,6,908,570,910,628
img_1397.png,5,1,886,564,878,620
img_1397.png,6,9,850,546,856,604
img_1397.png,7,1,794,512,798,570
img_1397.png,8,0,758,492,766,548
img_1397.png,9,6,732,472,734,530
img_1397.png,10,E,702,458,708,516
img_1397.png,11,C,672,440,678,498
img_1408.png,1,5,626,504,610,558
img_1408.png,2,5,646,530,636,582
img_1408.png,3,8,672,556,654,610
img_1408.png,4,6,690,584,674,636
img_1408.png,5,1,714,606,686,654
img_1408.png,6,9,726,626,708,686
img_1408.png,7,4,768,674,760,732
img_1408.png,8,0,796,708,780,756
img_1408.png,9,6,816,734,802,784
img_1408.png,10,2,836,754,818,810
img_1408.png,11,6,862,784,850,842
img_1419.png,1,5,1038,582,1044,638
img_1419.png,2,5,1008,566,1018,626
img_1419.png,3,8,980,548,982,608
img_1419.png,4,6,956,532,960,588
img_1419.png,5,2,928,518,930,572
img_1419.png,6,0,892,504,902,558
img_1419.png,7,6,832,468,842,518
img_1419.png,8,0,814,454,814,506
img_1419.png,9,3,776,436,786,494
img_1419.png,10,5,750,422,752,480
img_1419.png,11,9,724,404,728,462
img_1430.png,1,5,974,766,936,800
img_1430.png,2,5,972,728,930,770
img_1430.png,3,8,968,696,922,732
img_1430.png,4,0,964,666,916,704
img_1430.png,5,2,956,632,912,678
img_1430.png,6,0,948,596,906,642
img_1430.png,7,3,942,536,894,572
img_1430.png,8,0,936,502,890,542
img_1430.png,9,4,934,468,874,504
img_1430.png,10,8,926,440,876,474
img_1430.png,11,8,918,406,872,446
img_1441.png,1,5,736,774,786,800
img_1441.png,2,5,758,756,810,778
img_1441.png,3,8,786,738,838,760
img_1441.png,4,6,810,718,864,740
img_1441.png,5,2,834,696,886,722
img_1441.png,6,0,856,674,910,700
img_1441.png,7,4,918,638,966,656
img_1441.png,8,0,942,618,988,638
img_1441.png,9,6,962,596,1016,616
img_1441.png,10,6,990,582,1042,600
img_1441.png,11,7,1014,562,1064,582
img_1452.png,1,5,604,578,602,642
img_1452.png,2,5,632,602,636,660
img_1452.png,3,8,666,628,654,682
img_1452.png,4,6,684,644,686,702
img_1452.png,5,2,716,662,712,722
img_1452.png,6,0,740,680,748,742
img_1452.png,7,1,790,718,794,778
img_1452.png,8,0,822,738,822,802
img_1452.png,9,8,854,762,852,818
img_1452.png,10,3,880,776,874,830
img_1452.png,11,8,908,796,912,852
img_1463.png,1,5,808,448,864,454
img_1463.png,2,5,784,474,844,480
img_1463.png,3,8,768,500,824,510
img_1463.png,4,6,752,522,808,532
img_1463.png,5,2,736,552,794,556
img_1463.png,6,0,708,582,768,588
img_1463.png,7,5,670,638,726,648
img_1463.png,8,1,656,656,708,672
img_1463.png,9,0,632,694,690,698
img_1463.png,10,5,618,714,674,726
img_1463.png,11,4,596,740,654,748
img_1474.png,1,5,630,582,626,636
img_1474.png,2,5,656,598,654,656
img_1474.png,3,8,690,616,684,674
img_1474.png,4,6,714,638,714,690
img_1474.png,5,2,738,654,736,708
img_1474.png,6,0,764,672,774,726
img_1474.png,7,X,824,704,820,764
img_1474.png,8,X,854,722,848,782
img_1474.png,9,X,886,740,878,802
img_1474.png,10,0,912,758,908,818
img_1474.png,11,X,938,780,932,838
img_1485.png,1,5,984,678,969,736
img_1485.png,2,5,966,652,944,712
img_1485.png,3,8,946,624,926,686
img_1485.png,4,6,936,600,902,662
img_1485.png,5,2,902,566,886,642
img_1485.png,6,1,876,548,854,606
img_1485.png,7,5,838,494,818,554
img_1485.png,8,0,818,470,796,528
img_1485.png,9,3,804,440,776,504
img_1485.png,10,6,770,422,756,478
img_1485.png,11,4,756,396,732,454
img_1496.png,1,5,762,416,812,414
img_1496.png,2,5,748,452,802,440
img_1496.png,3,8,732,482,788,472
img_1496.png,4,6,716,510,776,506
img_1496.png,5,2,700,540,762,532
img_1496.png,6,1,690,566,748,564
img_1496.png,7,6,660,634,722,624
img_1496.png,8,0,648,660,710,656
img_1496.png,9,5,630,696,692,686
img_1496.png,10,4,618,722,680,720
img_1496.png,11,C,608,756,662,742
img_1507.png,1,5,874,458,926,474
img_1507.png,2,5,844,482,902,498
img_1507.png,3,8,820,504,876,520
img_1507.png,4,6,798,526,852,542
img_1507.png,5,2,776,552,832,560
img_1507.png,6,1,748,570,800,594
img_1507.png,7,2,700,614,754,632
img_1507.png,8,0,678,640,728,658
img_1507.png,9,7,650,662,706,682
img_1507.png,10,4,630,684,686,700
img_1507.png,11,1,608,700,660,728
img_1518.png,1,5,1000,592,1018,654
img_1518.png,2,5,972,580,984,636
img_1518.png,3,8,940,562,954,628
img_1518.png,4,6,912,554,920,616
img_1518.png,5,2,880,540,890,604
img_1518.png,6,1,840,524,860,590
img_1518.png,7,2,780,502,802,562
img_1518.png,8,0,752,492,764,548
img_1518.png,9,9,724,490,736,542
img_1518.png,10,5,692,472,708,530
img_1518.png,11,4,656,458,674,522
img_1529.png,1,5,718,428,676,466
img_1529.png,2,5,726,464,682,496
img_1529.png,3,8,732,494,688,532
img_1529.png,4,6,738,530,692,564
img_1529.png,5,2,742,554,698,590
img_1529.png,6,2,748,584,704,628
img_1529.png,7,3,754,652,720,692
img_1529.png,8,0,760,692,722,722
img_1529.png,9,1,772,734,722,760
img_1529.png,10,9,778,756,732,792
img_1529.png,11,6,784,786,736,820
img_1540.png,1,5,896,440,948,466
img_1540.png,2,5,864,468,926,484
img_1540.png,3,8,834,486,888,512
img_1540.png,4,6,816,500,862,530
img_1540.png,5,2,788,522,842,544
img_1540.png,6,2,752,540,812,562
img_1540.png,7,3,708,586,758,606
img_1540.png,8,0,684,600,736,630
img_1540.png,9,3,646,624,704,650
img_1540.png,10,C,624,638,680,670
img_1540.png,11,9,596,668,656,684
img_1551.png,1,5,626,620,648,673
img_1551.png,2,5,660,630,682,682
img_1551.png,3,8,698,638,712,696
img_1551.png,4,6,728,644,740,702
img_1551.png,5,2,756,650,774,706
img_1551.png,6,2,788,660,812,716
img_1551.png,7,4,852,670,876,730
img_1551.png,8,0,888,682,902,732
img_1551.png,9,5,918,686,940,744
img_1551.png,10,8,956,692,974,750
img_1551.png,11,2,984,698,1000,754
img_1562.png,1,5,952,488,992,526
img_1562.png,2,5,918,498,960,538
img_1562.png,3,8,884,506,924,546
img_1562.png,4,6,856,510,894,556
img_1562.png,5,2,826,520,870,562
img_1562.png,6,2,794,536,838,576
img_1562.png,7,3,726,550,768,590
img_1562.png,8,0,704,564,738,598
img_1562.png,9,7,662,570,704,614
img_1562.png,10,X,628,580,670,622
img_1562.png,11,9,598,590,642,630
img_1573.png,1,5,632,530,630,586
img_1573.png,2,5,660,558,656,608
img_1573.png,3,8,688,578,684,634
img_1573.png,4,6,716,596,706,652
img_1573.png,5,2,738,612,732,668
img_1573.png,6,2,762,630,760,692
img_1573.png,7,3,822,668,824,724
img_1573.png,8,0,854,690,844,744
img_1573.png,9,9,874,708,870,766
img_1573.png,10,0,902,730,898,786
img_1573.png,11,5,932,748,932,808
img_1584.png,1,5,966,530,1004,576
img_1584.png,2,5,928,532,968,578
img_1584.png,3,8,894,532,928,582
img_1584.png,4,6,866,536,896,580
img_1584.png,5,2,832,536,870,582
img_1584.png,6,2,790,540,832,590
img_1584.png,7,5,728,546,768,594
img_1584.png,8,1,702,546,730,598
img_1584.png,9,0,664,544,700,596
img_1584.png,10,7,634,548,666,598
img_1584.png,11,0,598,550,638,602
img_1595.png,1,5,720,424,682,464
img_1595.png,2,5,730,458,686,496
img_1595.png,3,8,736,492,688,532
img_1595.png,4,6,744,526,698,560
img_1595.png,5,2,748,558,702,590
img_1595.png,6,3,754,596,712,630
img_1595.png,7,5,768,654,728,696
img_1595.png,8,0,778,682,730,718
img_1595.png,9,2,778,724,736,762
img_1595.png,10,8,788,760,740,794
img_1595.png,11,5,794,790,752,824
img_1606.png,1,5,836,426,864,474
img_1606.png,2,5,818,450,842,504
img_1606.png,3,8,798,480,830,534
img_1606.png,4,6,780,510,806,560
img_1606.png,5,2,762,536,792,584
img_1606.png,6,3,738,566,766,618
img_1606.png,7,5,706,622,734,672
img_1606.png,8,0,690,646,720,694
img_1606.png,9,4,666,676,694,730
img_1606.png,10,9,646,710,676,760
img_1606.png,11,8,632,734,666,782
img_1617.png,1,5,992,618,1002,674
img_1617.png,2,5,958,602,966,660
img_1617.png,3,8,934,584,934,644
img_1617.png,4,6,906,566,910,626
img_1617.png,5,2,880,548,882,608
img_1617.png,6,3,840,532,850,590
img_1617.png,7,1,792,502,792,558
img_1617.png,8,0,762,486,762,544
img_1617.png,9,5,728,470,730,528
img_1617.png,10,2,700,454,702,512
img_1617.png,11,4,666,438,668,500
img_1628.png,1,5,702,778,752,794
img_1628.png,2,5,722,758,776,768
img_1628.png,3,8,748,730,802,746
img_1628.png,4,6,770,704,826,722
img_1628.png,5,2,794,684,852,704
img_1628.png,6,3,816,660,874,676
img_1628.png,7,4,862,616,918,626
img_1628.png,8,0,888,588,940,610
img_1628.png,9,7,912,564,966,578
img_1628.png,10,7,936,546,990,560
img_1628.png,11,3,956,520,1012,538
img_1639.png,1,5,820,414,862,460
img_1639.png,2,5,810,448,846,490
img_1639.png,3,8,796,478,836,522
img_1639.png,4,6,782,510,820,554
img_1639.png,5,2,770,542,816,584
img_1639.png,6,3,760,568,798,614
img_1639.png,7,4,732,626,776,678
img_1639.png,8,0,720,660,764,706
img_1639.png,9,9,708,690,756,738
img_1639.png,10,8,694,722,740,770
img_1639.png,11,6,682,754,722,804
img_1650.png,1,5,881,409,896,465
img_1650.png,2,5,864,437,871,494
img_1650.png,3,8,840,464,846,517
img_1650.png,4,6,815,480,824,541
img_1650.png,5,2,796,502,805,563
img_1650.png,6,4,768,529,778,593
img_1650.png,7,3,732,574,736,639
img_1650.png,8,0,705,608,716,661
img_1650.png,9,1,683,628,705,689
img_1650.png,10,5,661,649,679,717
img_1650.png,11,2,637,676,658,746
img_1661.png,1,5,751,781,782,831
img_1661.png,2,5,771,745,797,804
img_1661.png,3,8,792,711,818,773
img_1661.png,4,6,808,695,833,741
img_1661.png,5,2,823,667,852,722
img_1661.png,6,4,845,627,870,687
img_1661.png,7,5,872,577,898,628
img_1661.png,8,0,886,554,916,601
img_1661.png,9,3,913,521,938,569
img_1661.png,10,0,928,493,954,545
img_1661.png,11,E,945,463,972,519
img_1672.png,1,5,772,445,823,428
img_1672.png,2,5,762,483,817,459
img_1672.png,3,8,746,512,813,495
img_1672.png,4,6,738,542,799,530
img_1672.png,5,2,733,571,794,556
img_1672.png,6,4,730,614,783,594
img_1672.png,7,6,707,674,767,658
img_1672.png,8,0,704,704,761,683
img_1672.png,9,5,694,738,753,719
img_1672.png,10,E,687,772,747,757
img_1672.png,11,4,673,804,740,783
img_1683.png,1,5,679,527,627,545
img_1683.png,2,5,710,555,647,568
img_1683.png,3,8,737,576,679,593
img_1683.png,4,6,757,599,700,615
img_1683.png,5,2,789,617,723,633
img_1683.png,6,4,818,642,758,658
img_1683.png,7,3,869,685,802,696
img_1683.png,8,0,889,702,828,712
img_1683.png,9,7,921,730,859,737
img_1683.png,10,8,942,750,881,769
img_1683.png,11,E,968,776,906,791
img_1694.png,1,5,946,756,882,756
img_1694.png,2,5,938,732,871,723
img_1694.png,3,8,926,700,852,693
img_1694.png,4,0,919,669,838,658
img_1694.png,5,2,902,639,836,633
img_1694.png,6,4,879,610,818,598
img_1694.png,7,6,856,550,793,531
img_1694.png,8,0,840,520,782,510
img_1694.png,9,9,831,489,762,482
img_1694.png,10,0,820,449,747,449
img_1694.png,11,C,811,420,739,418
img_1705.png,1,5,669,576,631,611
img_1705.png,2,5,703,583,659,621
img_1705.png,3,8,745,601,693,633
img_1705.png,4,6,767,602,728,650
img_1705.png,5,2,810,611,751,654
img_1705.png,6,4,836,627,795,670
img_1705.png,7,5,901,647,853,678
img_1705.png,8,1,923,651,887,692
img_1705.png,9,1,957,659,909,699
img_1705.png,10,0,990,669,945,710
img_1705.png,11,4,1017,680,973,721
img_1716.png,1,5,946,710,928,764
img_1716.png,2,5,927,680,907,736
img_1716.png,3,8,911,647,889,705
img_1716.png,4,6,899,623,871,678
img_1716.png,5,2,885,597,849,654
img_1716.png,6,5,853,567,828,623
img_1716.png,7,1,825,517,794,563
img_1716.png,8,0,800,479,779,543
img_1716.png,9,1,783,453,751,511
img_1716.png,10,9,763,424,738,479
img_1716.png,11,7,747,399,712,458
img_1727.png,1,5,957,476,948,538
img_1727.png,2,5,927,495,916,554
img_1727.png,3,8,898,499,883,568
img_1727.png,4,6,861,514,853,573
img_1727.png,5,2,833,525,830,588
img_1727.png,6,5,801,536,795,609
img_1727.png,7,4,739,564,733,633
img_1727.png,8,0,713,576,703,643
img_1727.png,9,4,676,591,667,663
img_1727.png,10,8,640,603,636,678
img_1727.png,11,1,621,617,613,687
img_1738.png,1,5,830,435,863,481
img_1738.png,2,5,817,459,849,512
img_1738.png,3,8,802,490,828,546
img_1738.png,4,6,778,515,812,571
img_1738.png,5,2,764,541,792,596
img_1738.png,6,5,748,574,777,629
img_1738.png,7,5,723,639,742,689
img_1738.png,8,0,699,664,733,711
img_1738.png,9,6,683,681,712,747
img_1738.png,10,6,661,720,691,772
img_1738.png,11,7,644,747,676,805
img_1749.png,1,5,1002,642,956,674
img_1749.png,2,5,987,625,931,654
img_1749.png,3,8,953,602,897,635
img_1749.png,4,6,927,587,872,621
img_1749.png,5,2,898,573,844,606
img_1749.png,6,5,866,560,810,584
img_1749.png,7,3,810,528,755,555
img_1749.png,8,0,785,508,726,539
img_1749.png,9,8,756,490,689,525
img_1749.png,10,0,725,472,661,512
img_1749.png,11,4,695,449,628,497
img_1760.png,1,5,654,574,606,610
img_1760.png,2,5,681,589,637,625
img_1760.png,3,8,725,593,669,640
img_1760.png,4,6,742,615,697,653
img_1760.png,5,2,772,618,727,663
img_1760.png,6,5,819,638,761,666
img_1760.png,7,1,866,658,824,697
img_1760.png,8,1,895,678,858,712
img_1760.png,9,0,931,690,889,721
img_1760.png,10,0,964,697,918,732
img_1760.png,11,8,998,714,951,743
img_1771.png,1,5,691,708,673,770
img_1771.png,2,5,721,693,707,756
img_1771.png,3,8,749,680,743,745
img_1771.png,4,6,777,670,771,733
img_1771.png,5,2,808,655,800,722
img_1771.png,6,6,849,633,830,707
img_1771.png,7,5,902,609,886,676
img_1771.png,8,0,928,603,917,665
img_1771.png,9,1,957,588,950,654
img_1771.png,10,8,989,576,979,639
img_1771.png,11,4,1020,564,1012,627
img_1782.png,1,5,830,799,874,840
img_1782.png,2,5,834,763,882,807
img_1782.png,3,8,841,730,894,774
img_1782.png,4,6,852,700,901,747
img_1782.png,5,2,857,665,905,714
img_1782.png,6,6,874,628,916,678
img_1782.png,7,4,885,570,927,621
img_1782.png,8,0,894,540,938,590
img_1782.png,9,3,904,504,946,549
img_1782.png,10,X,908,475,950,519
img_1782.png,11,4,911,445,964,490
img_1793.png,1,5,923,734,889,780
img_1793.png,2,5,915,700,874,749
img_1793.png,3,8,902,667,866,713
img_1793.png,4,6,893,637,849,688
img_1793.png,5,2,883,603,842,657
img_1793.png,6,6,868,568,831,617
img_1793.png,7,2,849,512,808,565
img_1793.png,8,0,838,476,797,528
img_1793.png,9,5,819,441,781,495
img_1793.png,10,6,808,412,766,461
img_1793.png,11,1,799,389,752,435
img_1804.png,1,5,990,733,921,736
img_1804.png,2,5,975,704,904,703
img_1804.png,3,8,958,674,886,670
img_1804.png,4,6,939,643,877,641
img_1804.png,5,2,921,619,862,614
img_1804.png,6,6,904,589,835,581
img_1804.png,7,1,889,530,814,530
img_1804.png,8,0,853,504,788,494
img_1804.png,9,7,842,461,772,461
img_1804.png,10,C,823,429,755,429
img_1804.png,11,1,811,398,745,398
img_1815.png,1,5,982,688,930,708
img_1815.png,2,5,969,674,904,685
img_1815.png,3,8,946,640,881,657
img_1815.png,4,6,919,618,860,635
img_1815.png,5,2,898,595,836,614
img_1815.png,6,6,875,576,807,583
img_1815.png,7,5,830,519,763,540
img_1815.png,8,1,800,499,743,523
img_1815.png,9,0,778,475,721,491
img_1815.png,10,X,752,450,698,471
img_1815.png,11,5,736,427,667,449
img_1826.png,1,5,678,669,665,726
img_1826.png,2,5,714,662,693,715
img_1826.png,3,8,744,652,729,711
img_1826.png,4,6,774,642,767,693
img_1826.png,5,2,803,631,792,691
img_1826.png,6,6,848,614,823,678
img_1826.png,7,3,901,594,883,655
img_1826.png,8,1,934,583,920,643
img_1826.png,9,1,965,577,950,633
img_1826.png,10,X,994,564,978,625
img_1826.png,11,7,1029,554,1010,610
img_1837.png,1,5,994,708,937,722
img_1837.png,2,5,975,687,912,698
img_1837.png,3,8,950,661,886,670
img_1837.png,4,6,928,642,859,654
img_1837.png,5,2,898,621,837,631
img_1837.png,6,7,878,596,808,605
img_1837.png,7,3,827,550,770,564
img_1837.png,8,0,814,524,743,536
img_1837.png,9,2,784,495,713,510
img_1837.png,10,6,752,474,692,484
img_1837.png,11,4,739,448,667,472
img_1848.png,1,5,1029,654,976,681
img_1848.png,2,5,1001,629,941,667
img_1848.png,3,8,972,613,917,642
img_1848.png,4,6,949,601,889,631
img_1848.png,5,2,924,583,864,610
img_1848.png,6,7,893,565,830,592
img_1848.png,7,1,841,525,778,547
img_1848.png,8,0,810,502,747,525
img_1848.png,9,4,781,479,722,509
img_1848.png,10,0,756,460,700,490
img_1848.png,11,1,733,442,667,472
img_1859.png,1,5,972,517,952,577
img_1859.png,2,5,943,524,920,584
img_1859.png,3,8,909,527,885,594
img_1859.png,4,6,873,538,851,610
img_1859.png,5,2,845,546,827,615
img_1859.png,6,7,818,547,792,622
img_1859.png,7,5,748,568,730,633
img_1859.png,8,0,721,571,694,639
img_1859.png,9,7,686,576,661,643
img_1859.png,10,9,648,582,622,655
img_1859.png,11,E,609,588,582,664
img_1870.png,1,5,966,481,947,541
img_1870.png,2,5,937,489,917,551
img_1870.png,3,8,905,499,886,566
img_1870.png,4,6,874,510,854,571
img_1870.png,5,2,843,521,819,576
img_1870.png,6,7,807,532,787,593
img_1870.png,7,4,746,543,726,598
img_1870.png,8,0,711,551,695,617
img_1870.png,9,9,685,557,659,630
img_1870.png,10,0,647,568,629,632
img_1870.png,11,E,615,574,603,642
img_1881.png,1,5,1012,700,956,717
img_1881.png,2,5,993,680,928,692
img_1881.png,3,8,964,652,911,663
img_1881.png,4,6,950,635,887,642
img_1881.png,5,2,927,605,868,616
img_1881.png,6,7,905,583,834,596
img_1881.png,7,3,857,542,788,546
img_1881.png,8,1,829,504,770,524
img_1881.png,9,1,807,486,754,504
img_1881.png,10,C,792,463,728,479
img_1881.png,11,5,767,439,710,452
img_1892.png,1,5,849,785,907,822
img_1892.png,2,5,852,741,907,789
img_1892.png,3,8,863,715,911,745
img_1892.png,4,6,860,685,912,719
img_1892.png,5,2,863,654,915,692
img_1892.png,6,8,861,614,924,658
img_1892.png,7,5,878,550,924,590
img_1892.png,8,0,876,523,931,555
img_1892.png,9,1,876,489,932,521
img_1892.png,10,4,889,446,937,484
img_1892.png,11,0,886,423,945,454
img_1903.png,1,5,1027,646,973,672
img_1903.png,2,5,1001,631,946,655
img_1903.png,3,8,973,611,919,632
img_1903.png,4,6,952,596,893,616
img_1903.png,5,2,922,573,866,599
img_1903.png,6,8,894,558,831,570
img_1903.png,7,5,841,519,782,546
img_1903.png,8,0,816,498,756,523
img_1903.png,9,3,788,478,725,504
img_1903.png,10,5,752,450,695,486
img_1903.png,11,3,729,435,667,468
img_1914.png,1,5,672,707,661,760
img_1914.png,2,5,703,683,687,752
img_1914.png,3,8,740,663,729,733
img_1914.png,4,6,763,658,760,722
img_1914.png,5,2,793,639,782,710
img_1914.png,6,8,830,624,818,693
img_1914.png,7,3,879,599,868,670
img_1914.png,8,0,916,588,907,650
img_1914.png,9,5,949,573,939,642
img_1914.png,10,X,980,555,975,621
img_1914.png,11,0,1012,543,1002,613
img_1925.png,1,5,830,442,764,389
img_1925.png,2,5,815,471,751,422
img_1925.png,3,8,801,505,749,467
img_1925.png,4,6,800,536,739,493
img_1925.png,5,2,784,570,721,517
img_1925.png,6,8,774,596,711,558
img_1925.png,7,2,766,667,704,607
img_1925.png,8,0,756,695,684,647
img_1925.png,9,8,741,736,678,681
img_1925.png,10,C,729,764,665,715
img_1925.png,11,8,734,796,654,744
img_1936.png,1,5,780,439,829,476
img_1936.png,2,5,774,469,820,509
img_1936.png,3,8,760,501,814,542
img_1936.png,4,6,747,536,812,572
img_1936.png,5,2,745,565,810,606
img_1936.png,6,8,745,599,796,646
img_1936.png,7,5,734,663,789,708
img_1936.png,8,1,730,707,771,734
img_1936.png,9,0,725,729,769,774
img_1936.png,10,8,718,760,762,796
img_1936.png,11,1,704,788,760,827
img_1947.png,1,5,967,740,915,739
img_1947.png,2,5,958,717,894,710
img_1947.png,3,8,943,678,872,680
img_1947.png,4,6,934,652,866,644
img_1947.png,5,2,919,622,849,622
img_1947.png,6,8,900,595,829,584
img_1947.png,7,3,879,540,804,530
img_1947.png,8,1,851,502,793,495
img_1947.png,9,9,836,469,778,465
img_1947.png,10,2,833,437,756,442
img_1947.png,11,E,816,412,745,413
img_1958.png,1,5,663,708,648,770
img_1958.png,2,5,702,699,680,760
img_1958.png,3,8,733,684,717,741
img_1958.png,4,6,766,678,751,736
img_1958.png,5,2,793,663,780,722
img_1958.png,6,9,834,648,808,710
img_1958.png,7,1,886,632,874,700
img_1958.png,8,0,922,624,907,687
img_1958.png,9,2,961,614,938,677
img_1958.png,10,8,994,601,980,663
img_1958.png,11,7,1027,588,1009,661
img_1969.png,1,5,1025,583,984,622
img_1969.png,2,5,994,579,949,621
img_1969.png,3,8,964,564,909,621
img_1969.png,4,6,924,561,882,609
img_1969.png,5,2,898,549,851,596
img_1969.png,6,9,861,547,807,599
img_1969.png,7,4,805,530,754,575
img_1969.png,8,0,774,514,721,572
img_1969.png,9,5,736,508,685,558
img_1969.png,10,7,699,498,652,555
img_1969.png,11,1,669,491,627,554
img_1980.png,1,5,695,552,637,570
img_1980.png,2,5,717,571,665,592
img_1980.png,3,8,748,596,695,607
img_1980.png,4,6,777,614,716,632
img_1980.png,5,2,805,625,746,653
img_1980.png,6,9,839,655,774,669
img_1980.png,7,5,884,687,824,704
img_1980.png,8,0,907,705,849,731
img_1980.png,9,7,940,735,875,756
img_1980.png,10,6,964,747,911,773
img_1980.png,11,7,995,767,932,791
img_1991.png,1,5,972,527,945,586
img_1991.png,2,5,937,527,912,593
img_1991.png,3,8,898,533,873,593
img_1991.png,4,6,867,534,847,599
img_1991.png,5,2,841,539,815,602
img_1991.png,6,9,803,552,773,607
img_1991.png,7,5,739,555,715,614
img_1991.png,8,0,709,561,680,611
img_1991.png,9,9,677,560,650,622
img_1991.png,10,6,643,564,614,632
img_1991.png,11,C,598,574,570,632
img_2002.png,1,5,976,506,961,564
img_2002.png,2,5,946,513,930,573
img_2002.png,3,8,915,521,894,580
img_2002.png,4,6,885,531,863,594
img_2002.png,5,2,851,538,834,601
img_2002.png,6,9,819,542,797,614
img_2002.png,7,2,764,564,740,624
img_2002.png,8,1,717,575,704,637
img_2002.png,9,0,691,583,667,648
img_2002.png,10,9,651,592,633,658
img_2002.png,11,3,618,599,606,669
img_2013.png,1,5,669,540,613,553
img_2013.png,2,5,699,568,634,577
img_2013.png,3,8,716,597,658,604
img_2013.png,4,6,741,618,681,629
img_2013.png,5,3,760,637,705,653
img_2013.png,6,0,788,663,725,669
img_2013.png,7,4,837,716,774,726
img_2013.png,8,0,859,736,796,747
img_2013.png,9,1,881,757,823,773
img_2013.png,10,9,899,791,844,791
img_2013.png,11,3,920,805,865,818
img_2024.png,1,5,841,401,871,447
img_2024.png,2,5,822,427,858,481
img_2024.png,3,8,802,459,832,512
img_2024.png,4,6,793,479,820,538
img_2024.png,5,3,774,512,803,567
img_2024.png,6,0,757,537,787,594
img_2024.png,7,3,725,606,756,658
img_2024.png,8,0,706,627,738,679
img_2024.png,9,3,692,655,722,714
img_2024.png,10,0,680,684,711,735
img_2024.png,11,3,664,709,700,773
img_2035.png,1,5,822,775,868,803
img_2035.png,2,5,822,736,868,769
img_2035.png,3,8,823,703,872,734
img_2035.png,4,6,826,667,871,700
img_2035.png,5,3,819,643,874,663
img_2035.png,6,0,822,605,874,643
img_2035.png,7,2,820,524,882,573
img_2035.png,8,0,823,509,878,530
img_2035.png,9,5,822,460,879,505
img_2035.png,10,4,825,433,878,463
img_2035.png,11,3,823,394,879,434
img_2046.png,1,5,938,754,868,752
img_2046.png,2,5,934,733,853,718
img_2046.png,3,8,922,692,842,685
img_2046.png,4,6,907,661,830,655
img_2046.png,5,3,902,633,822,632
img_2046.png,6,0,898,603,807,599
img_2046.png,7,1,866,534,790,534
img_2046.png,8,0,851,504,770,495
img_2046.png,9,7,837,471,756,464
img_2046.png,10,9,822,441,743,437
img_2046.png,11,3,814,413,739,407
img_2057.png,1,5,665,688,657,751
img_2057.png,2,5,703,685,685,743
img_2057.png,3,8,739,677,723,734
img_2057.png,4,6,769,666,752,729
img_2057.png,5,3,795,658,782,717
img_2057.png,6,0,829,642,811,706
img_2057.png,7,1,890,624,879,684
img_2057.png,8,0,928,616,907,676
img_2057.png,9,9,960,603,946,666
img_2057.png,10,9,993,590,973,655
img_2057.png,11,6,1024,591,1005,650
img_2068.png,1,5,685,579,643,607
img_2068.png,2,5,721,595,669,622
img_2068.png,3,8,749,610,700,640
img_2068.png,4,6,781,620,729,654
img_2068.png,5,3,808,631,762,667
img_2068.png,6,0,838,643,788,685
img_2068.png,7,5,907,672,856,706
img_2068.png,8,1,927,687,886,715
img_2068.png,9,2,964,696,917,730
img_2068.png,10,E,994,711,946,740
img_2068.png,11,C,1034,729,975,759
img_2079.png,1,5,745,394,796,427
img_2079.png,2,5,737,425,792,460
img_2079.png,3,8,728,459,788,495
img_2079.png,4,6,736,493,788,531
img_2079.png,5,3,731,525,787,558
img_2079.png,6,1,727,555,784,594
img_2079.png,7,5,730,632,774,666
img_2079.png,8,0,726,655,768,694
img_2079.png,9,2,723,687,771,730
img_2079.png,10,E,720,721,769,758
img_2079.png,11,X,719,760,772,805
img_2090.png,1,5,699,460,665,506
img_2090.png,2,5,715,486,675,540
img_2090.png,3,8,728,527,686,574
img_2090.png,4,6,745,553,702,603
img_2090.png,5,3,756,581,717,628
img_2090.png,6,1,772,604,730,666
img_2090.png,7,1,805,669,764,722
img_2090.png,8,0,819,699,777,756
img_2090.png,9,3,832,730,794,791
img_2090.png,10,4,846,768,814,819
img_2090.png,11,8,864,798,829,846
img_2101.png,1,5,706,739,707,795
img_2101.png,2,5,730,715,732,777
img_2101.png,3,8,762,698,766,756
img_2101.png,4,6,784,670,789,733
img_2101.png,5,3,808,648,815,714
img_2101.png,6,1,834,631,845,696
img_2101.png,7,2,886,586,900,654
img_2101.png,8,0,909,566,930,635
img_2101.png,9,5,937,539,943,616
img_2101.png,10,2,961,523,982,591
img_2101.png,11,1,986,495,1006,570
img_2112.png,1,5,696,719,693,778
img_2112.png,2,5,728,695,721,764
img_2112.png,3,9,758,684,749,741
img_2112.png,4,6,789,669,781,729
img_2112.png,5,3,810,644,815,713
img_2112.png,6,1,848,628,836,692
img_2112.png,7,2,904,592,898,661
img_2112.png,8,0,934,569,928,635
img_2112.png,9,7,961,555,952,621
img_2112.png,10,3,980,542,980,607
img_2112.png,11,4,1020,517,1014,586
img_2123.png,1,5,915,796,853,769
img_2123.png,2,5,912,754,842,736
img_2123.png,3,8,905,722,841,699
img_2123.png,4,6,905,684,833,667
img_2123.png,5,3,904,650,823,633
img_2123.png,6,1,896,618,819,602
img_2123.png,7,1,894,555,815,536
img_2123.png,8,0,886,524,812,495
img_2123.png,9,8,871,486,807,460
img_2123.png,10,0,866,449,804,431
img_2123.png,11,9,859,419,790,397
img_2134.png,1,5,971,479,957,539
img_2134.png,2,5,941,493,928,561
img_2134.png,3,8,912,506,886,568
img_2134.png,4,6,875,517,860,580
img_2134.png,5,3,841,525,836,591
img_2134.png,6,2,812,536,799,605
img_2134.png,7,1,748,561,743,622
img_2134.png,8,0,719,568,696,632
img_2134.png,9,1,676,577,676,643
img_2134.png,10,1,655,584,644,650
img_2134.png,11,3,620,598,595,673
img_2145.png,1,5,1006,613,963,648
img_2145.png,2,5,979,601,928,636
img_2145.png,3,8,949,584,894,625
img_2145.png,4,6,922,576,866,616
img_2145.png,5,3,890,554,837,610
img_2145.png,6,2,863,535,801,587
img_2145.png,7,5,782,516,744,560
img_2145.png,8,0,766,509,718,551
img_2145.png,9,3,734,499,678,536
img_2145.png,10,3,696,479,657,523
img_2145.png,11,5,669,472,616,506
img_2156.png,1,5,706,740,718,800
img_2156.png,2,5,736,710,744,781
img_2156.png,3,8,762,688,773,747
img_2156.png,4,6,786,665,796,725
img_2156.png,5,3,797,644,823,702
img_2156.png,6,2,831,614,842,684
img_2156.png,7,2,876,580,889,632
img_2156.png,8,0,904,549,913,610
img_2156.png,9,4,931,517,943,586
img_2156.png,10,6,946,493,964,560
img_2156.png,11,4,979,476,983,535
img_2167.png,1,5,717,484,658,484
img_2167.png,2,5,737,519,670,511
img_2167.png,3,8,755,556,689,546
img_2167.png,4,6,766,582,706,577
img_2167.png,5,3,781,609,716,604
img_2167.png,6,2,798,644,735,635
img_2167.png,7,4,832,700,757,694
img_2167.png,8,0,841,731,777,725
img_2167.png,9,7,858,764,798,753
img_2167.png,10,8,866,797,812,782
img_2167.png,11,8,884,824,823,813
img_2178.png,1,5,687,532,627,547
img_2178.png,2,5,721,560,658,572
img_2178.png,3,8,739,587,688,592
img_2178.png,4,6,764,602,708,616
img_2178.png,5,3,788,613,736,637
img_2178.png,6,2,819,643,762,655
img_2178.png,7,5,868,676,819,700
img_2178.png,8,0,892,698,833,718
img_2178.png,9,9,919,726,863,736
img_2178.png,10,6,946,744,889,763
img_2178.png,11,1,965,763,915,782
img_2189.png,1,5,1008,591,967,636
img_2189.png,2,5,979,586,932,625
img_2189.png,3,8,942,575,898,621
img_2189.png,4,6,911,568,868,617
img_2189.png,5,3,881,562,836,610
img_2189.png,6,2,846,557,797,607
img_2189.png,7,6,774,543,730,581
img_2189.png,8,0,747,536,707,577
img_2189.png,9,9,719,531,673,572
img_2189.png,10,3,684,516,644,564
img_2189.png,11,4,646,510,601,560
img_2200.png,1,5,808,816,863,796
img_2200.png,2,5,815,783,868,761
img_2200.png,3,8,823,743,877,726
img_2200.png,4,6,830,711,882,693
img_2200.png,5,3,837,679,884,663
img_2200.png,6,3,845,651,891,625
img_2200.png,7,1,853,578,906,572
img_2200.png,8,0,856,546,909,527
img_2200.png,9,2,866,514,913,493
img_2200.png,10,6,874,477,922,456
img_2200.png,11,9,880,447,924,424
img_2211.png,1,5,677,471,658,521
img_2211.png,2,5,698,497,678,551
img_2211.png,3,8,719,529,699,582
img_2211.png,4,6,737,557,721,605
img_2211.png,5,3,754,576,738,626
img_2211.png,6,3,774,605,757,656
img_2211.png,7,5,816,658,801,708
img_2211.png,8,0,837,683,817,734
img_2211.png,9,5,858,711,842,764
img_2211.png,10,2,876,736,859,793
img_2211.png,11,6,895,767,879,823
img_2222.png,1,5,979,687,968,747
img_2222.png,2,5,955,664,949,722
img_2222.png,3,8,935,633,919,692
img_2222.png,4,6,910,608,897,667
img_2222.png,5,3,889,585,878,647
img_2222.png,6,3,866,565,862,625
img_2222.png,7,3,822,514,814,575
img_2222.png,8,0,800,489,790,545
img_2222.png,9,6,781,462,761,518
img_2222.png,10,2,761,438,745,499
img_2222.png,11,8,731,408,721,468
img_2233.png,1,5,705,778,766,786
img_2233.png,2,5,728,752,786,760
img_2233.png,3,8,752,724,810,738
img_2233.png,4,6,767,704,825,708
img_2233.png,5,3,789,679,842,684
img_2233.png,6,3,806,656,865,657
img_2233.png,7,3,850,597,907,604
img_2233.png,8,0,869,573,926,579
img_2233.png,9,8,895,540,949,553
img_2233.png,10,3,911,520,967,531
img_2233.png,11,E,930,496,989,501
img_2244.png,1,5,820,425,879,421
img_2244.png,2,5,808,454,863,451
img_2244.png,3,8,789,483,849,484
img_2244.png,4,6,774,512,829,508
img_2244.png,5,3,757,537,814,535
img_2244.png,6,3,735,565,795,565
img_2244.png,7,4,700,626,759,626
img_2244.png,8,0,688,655,744,650
img_2244.png,9,9,676,685,727,676
img_2244.png,10,7,660,722,714,715
img_2244.png,11,9,633,756,689,748
img_2255.png,1,5,698,430,656,472
img_2255.png,2,5,704,463,662,501
img_2255.png,3,8,709,496,669,536
img_2255.png,4,6,715,529,677,566
img_2255.png,5,3,722,555,683,594
img_2255.png,6,4,729,592,693,637
img_2255.png,7,5,743,656,705,693
img_2255.png,8,0,751,685,708,721
img_2255.png,9,3,754,721,722,761
img_2255.png,10,X,766,752,724,790
img_2255.png,11,1,772,794,734,823
img_2266.png,1,5,772,804,828,819
img_2266.png,2,5,797,780,852,796
img_2266.png,3,8,819,755,876,775
img_2266.png,4,6,844,732,901,752
img_2266.png,5,3,863,711,916,728
img_2266.png,6,4,894,681,942,700
img_2266.png,7,6,938,635,986,650
img_2266.png,8,0,956,617,1007,631
img_2266.png,9,5,978,590,1033,604
img_2266.png,10,C,1003,558,1060,585
img_2266.png,11,7,1018,542,1076,558
img_2277.png,1,5,964,483,997,532
img_2277.png,2,5,931,487,963,533
img_2277.png,3,8,897,485,928,531
img_2277.png,4,6,866,490,895,534
img_2277.png,5,3,836,492,865,536
img_2277.png,6,4,798,492,826,539
img_2277.png,7,3,738,492,768,539
img_2277.png,8,0,704,492,733,538
img_2277.png,9,6,668,496,699,541
img_2277.png,10,0,642,497,667,542
img_2277.png,11,6,595,497,625,543
img_2288.png,1,5,992,586,993,644
img_2288.png,2,5,963,567,963,624
img_2288.png,3,8,938,547,934,602
img_2288.png,4,6,909,526,906,582
img_2288.png,5,3,883,510,883,563
img_2288.png,6,4,851,490,851,542
img_2288.png,7,3,805,455,800,507
img_2288.png,8,0,775,436,775,487
img_2288.png,9,8,747,412,745,468
img_2288.png,10,1,732,399,718,445
img_2288.png,11,9,698,374,692,431
img_2299.png,1,5,1015,596,1011,650
img_2299.png,2,5,989,575,988,631
img_2299.png,3,8,961,556,960,607
img_2299.png,4,6,938,530,933,586
img_2299.png,5,3,912,514,909,567
img_2299.png,6,5,879,490,879,549
img_2299.png,7,1,843,452,831,502
img_2299.png,8,0,807,425,806,479
img_2299.png,9,1,788,408,773,458
img_2299.png,10,8,754,385,751,442
img_2299.png,11,C,725,361,724,418
img_2310.png,1,5,973,535,1000,585
img_2310.png,2,5,944,535,969,585
img_2310.png,3,8,902,530,928,582
img_2310.png,4,6,874,532,897,588
img_2310.png,5,3,844,530,871,583
img_2310.png,6,5,802,531,839,583
img_2310.png,7,1,748,530,769,573
img_2310.png,8,0,706,523,737,574
img_2310.png,9,3,672,524,698,571
img_2310.png,10,9,638,520,665,571
img_2310.png,11,0,603,518,631,570
img_2321.png,1,5,658,697,686,745
img_2321.png,2,5,690,696,722,744
img_2321.png,3,8,723,695,757,745
img_2321.png,4,6,758,692,788,745
img_2321.png,5,3,790,691,816,742
img_2321.png,6,5,826,691,860,738
img_2321.png,7,5,886,689,921,736
img_2321.png,8,0,921,685,948,736
img_2321.png,9,5,958,688,989,733
img_2321.png,10,E,992,687,1024,736
img_2321.png,11,2,1026,686,1061,732
img_2332.png,1,5,780,426,834,429
img_2332.png,2,5,760,452,815,458
img_2332.png,3,8,736,479,794,487
img_2332.png,4,6,724,507,778,516
img_2332.png,5,3,703,532,759,537
img_2332.png,6,5,679,567,743,565
img_2332.png,7,6,647,618,703,619
img_2332.png,8,0,632,644,685,645
img_2332.png,9,7,617,671,667,677
img_2332.png,10,9,588,701,642,709
img_2332.png,11,8,571,727,630,732
img_2343.png,1,5,711,447,666,482
img_2343.png,2,5,712,482,665,518
img_2343.png,3,8,708,518,666,548
img_2343.png,4,6,710,548,668,588
img_2343.png,5,3,718,584,667,611
img_2343.png,6,5,722,621,675,658
img_2343.png,7,2,722,677,675,717
img_2343.png,8,0,729,718,678,751
img_2343.png,9,8,726,751,679,785
img_2343.png,10,2,729,775,685,813
img_2343.png,11,4,733,820,686,852
img_2354.png,1,5,778,807,834,808
img_2354.png,2,5,795,779,852,780
img_2354.png,3,8,815,749,873,751
img_2354.png,4,6,834,722,888,725
img_2354.png,5,3,850,696,904,702
img_2354.png,6,6,867,669,925,666
img_2354.png,7,4,910,617,959,623
img_2354.png,8,0,920,592,973,590
img_2354.png,9,1,944,551,994,563
img_2354.png,10,C,952,534,1010,539
img_2354.png,11,4,966,511,1029,516
img_2365.png,1,5,637,538,627,595
img_2365.png,2,5,662,561,653,619
img_2365.png,3,8,683,589,676,640
img_2365.png,4,6,710,611,699,663
img_2365.png,5,3,735,630,723,683
img_2365.png,6,6,759,650,754,707
img_2365.png,7,4,807,692,797,749
img_2365.png,8,0,831,715,818,770
img_2365.png,9,3,856,740,848,794
img_2365.png,10,E,881,765,874,816
img_2365.png,11,7,905,782,898,832
img_2376.png,1,5,972,629,971,686
img_2376.png,2,5,946,610,944,665
img_2376.png,3,8,919,589,921,646
img_2376.png,4,6,893,570,897,627
img_2376.png,5,3,865,553,871,608
img_2376.png,6,6,838,529,836,582
img_2376.png,7,6,786,493,784,547
img_2376.png,8,0,760,477,763,527
img_2376.png,9,5,728,458,729,509
img_2376.png,10,6,702,438,700,491
img_2376.png,11,3,680,416,679,475
img_2387.png,1,5,980,541,1009,593
img_2387.png,2,5,950,536,972,581
img_2387.png,3,8,918,522,940,573
img_2387.png,4,6,887,512,904,566
img_2387.png,5,3,858,507,875,563
img_2387.png,6,6,819,497,842,552
img_2387.png,7,1,767,482,776,536
img_2387.png,8,0,720,472,741,529
img_2387.png,9,7,691,466,708,519
img_2387.png,10,9,657,460,679,512
img_2387.png,11,4,635,453,655,505
img_2398.png,1,5,800,413,859,427
img_2398.png,2,5,776,441,833,449
img_2398.png,3,8,752,466,807,477
img_2398.png,4,6,730,491,787,499
img_2398.png,5,3,715,511,765,523
img_2398.png,6,7,687,540,742,548
img_2398.png,7,5,649,585,703,596
img_2398.png,8,0,626,609,677,619
img_2398.png,9,2,602,636,649,652
img_2398.png,10,5,578,662,633,678
img_2398.png,11,5,559,685,612,700
img_2409.png,1,5,793,827,850,812
img_2409.png,2,5,806,792,860,779
img_2409.png,3,8,819,762,875,752
img_2409.png,4,6,826,735,888,719
img_2409.png,5,3,839,704,896,693
img_2409.png,6,7,852,671,912,655
img_2409.png,7,2,880,624,934,598
img_2409.png,8,8,890,577,947,569
img_2409.png,9,2,900,547,960,529
img_2409.png,10,8,913,511,970,508
img_2409.png,11,7,911,490,978,483
img_2420.png,1,5,985,509,1011,569
img_2420.png,2,5,953,507,975,559
img_2420.png,3,8,922,497,937,555
img_2420.png,4,6,891,493,908,547
img_2420.png,5,3,861,485,882,543
img_2420.png,6,7,825,480,846,536
img_2420.png,7,3,760,466,785,523
img_2420.png,8,0,725,459,747,510
img_2420.png,9,4,693,449,713,507
img_2420.png,10,6,655,440,677,501
img_2420.png,11,C,627,434,645,493
img_2431.png,1,5,999,587,1009,646
img_2431.png,2,5,970,567,979,629
img_2431.png,3,8,942,550,949,610
img_2431.png,4,6,916,532,916,591
img_2431.png,5,3,891,518,896,575
img_2431.png,6,7,862,502,865,559
img_2431.png,7,4,806,462,805,523
img_2431.png,8,0,779,449,786,507
img_2431.png,9,6,746,427,751,485
img_2431.png,10,4,723,408,718,469
img_2431.png,11,3,690,390,699,455
img_2442.png,1,5,653,633,676,688
img_2442.png,2,5,690,642,710,693
img_2442.png,3,8,725,653,737,700
img_2442.png,4,6,754,656,772,710
img_2442.png,5,3,784,663,800,716
img_2442.png,6,7,821,669,837,727
img_2442.png,7,4,878,684,899,741
img_2442.png,8,0,916,695,926,748
img_2442.png,9,8,950,704,967,751
img_2442.png,10,5,981,708,998,757
img_2442.png,11,6,1019,715,1039,770
img_2453.png,1,5,855,414,913,431
img_2453.png,2,5,835,440,889,452
img_2453.png,3,8,807,461,864,480
img_2453.png,4,6,786,488,840,501
img_2453.png,5,3,767,512,821,527
img_2453.png,6,8,734,541,789,552
img_2453.png,7,2,688,583,745,594
img_2453.png,8,0,660,609,713,621
img_2453.png,9,1,646,621,687,650
img_2453.png,10,X,623,638,684,661
img_2453.png,11,7,602,663,655,682
img_2464.png,1,5,839,798,883,839
img_2464.png,2,5,850,766,892,806
img_2464.png,3,8,855,728,899,771
img_2464.png,4,6,863,702,908,741
img_2464.png,5,3,870,673,912,711
img_2464.png,6,8,875,639,919,676
img_2464.png,7,1,889,585,933,613
img_2464.png,8,0,901,539,941,576
img_2464.png,9,3,906,509,949,541
img_2464.png,10,3,914,478,953,513
img_2464.png,11,7,922,434,962,486
img_2475.png,1,5,846,428,907,447
img_2475.png,2,5,826,453,882,471
img_2475.png,3,8,799,474,851,491
img_2475.png,4,6,777,494,828,512
img_2475.png,5,3,756,516,809,533
img_2475.png,6,8,724,541,780,558
img_2475.png,7,5,684,587,737,603
img_2475.png,8,0,663,608,713,621
img_2475.png,9,5,628,631,685,649
img_2475.png,10,5,607,656,660,671
img_2475.png,11,9,578,676,635,694
img_2486.png,1,5,603,623,624,678
img_2486.png,2,5,638,631,659,687
img_2486.png,3,8,671,638,693,695
img_2486.png,4,6,704,645,723,698
img_2486.png,5,3,734,649,753,703
img_2486.png,6,8,768,657,789,708
img_2486.png,7,2,825,668,849,716
img_2486.png,8,0,861,673,887,729
img_2486.png,9,6,900,679,922,731
img_2486.png,10,8,938,683,958,737
img_2486.png,11,8,971,688,986,744
img_2497.png,1,5,994,599,998,656
img_2497.png,2,5,967,582,970,636
img_2497.png,3,8,940,559,941,618
img_2497.png,4,6,914,545,912,596
img_2497.png,5,3,888,527,890,581
img_2497.png,6,8,856,503,856,557
img_2497.png,7,3,808,470,808,527
img_2497.png,8,0,779,450,778,505
img_2497.png,9,8,753,423,747,483
img_2497.png,10,6,725,410,718,464
img_2497.png,11,1,701,394,692,445
img_2508.png,1,5,950,776,914,819
img_2508.png,2,5,943,738,906,784
img_2508.png,3,8,942,710,901,745
img_2508.png,4,6,935,681,894,720
img_2508.png,5,3,923,647,889,692
img_2508.png,6,9,911,609,881,655
img_2508.png,7,2,905,553,866,595
img_2508.png,8,0,894,512,860,558
img_2508.png,9,1,893,490,848,519
img_2508.png,10,C,881,459,846,497
img_2508.png,11,5,877,419,835,465
img_2519.png,1,5,735,394,777,436
img_2519.png,2,5,729,427,769,468
img_2519.png,3,8,721,463,761,504
img_2519.png,4,6,710,495,754,534
img_2519.png,5,3,710,522,751,560
img_2519.png,6,9,700,557,738,600
img_2519.png,7,4,689,616,724,659
img_2519.png,8,0,681,652,720,689
img_2519.png,9,3,672,686,715,729
img_2519.png,10,5,669,722,709,764
img_2519.png,11,1,661,757,703,782
img_2530.png,1,5,648,508,629,563
img_2530.png,2,5,668,536,648,592
img_2530.png,3,8,687,563,667,615
img_2530.png,4,6,707,593,687,645
img_2530.png,5,3,725,619,703,668
img_2530.png,6,9,742,645,726,697
img_2530.png,7,4,784,698,761,744
img_2530.png,8,0,800,724,780,772
img_2530.png,9,5,820,751,806,804
img_2530.png,10,6,843,783,824,833
img_2530.png,11,4,865,810,839,856
img_2541.png,1,5,788,795,849,790
img_2541.png,2,5,803,768,862,757
img_2541.png,3,8,824,733,876,727
img_2541.png,4,6,835,700,890,699
img_2541.png,5,3,850,677,901,672
img_2541.png,6,9,860,647,917,640
img_2541.png,7,4,884,591,942,583
img_2541.png,8,0,898,557,959,548
img_2541.png,9,7,913,525,967,515
img_2541.png,10,7,931,497,982,489
img_2541.png,11,7,940,461,1001,454
img_2552.png,1,5,759,442,707,477
img_2552.png,2,5,756,480,702,511
img_2552.png,3,8,756,514,698,546
img_2552.png,4,6,752,540,700,574
img_2552.png,5,3,754,575,698,603
img_2552.png,6,9,741,606,698,645
img_2552.png,7,4,744,671,692,700
img_2552.png,8,0,738,709,687,734
img_2552.png,9,9,737,737,685,771
img_2552.png,10,8,731,782,681,808
img_2552.png,11,C,730,815,680,843
img_2563.png,1,5,1011,626,1015,680
img_2563.png,2,5,985,603,983,660
img_2563.png,3,8,954,585,955,636
img_2563.png,4,6,929,562,929,619
img_2563.png,5,4,908,543,902,598
img_2563.png,6,0,880,529,881,578
img_2563.png,7,1,827,487,821,534
img_2563.png,8,0,796,466,797,517
img_2563.png,9,2,770,445,774,498
img_2563.png,10,E,743,426,745,480
img_2563.png,11,5,715,414,715,463
img_2574.png,1,5,876,425,925,450
img_2574.png,2,5,847,438,895,468
img_2574.png,3,8,819,457,867,483
img_2574.png,4,6,790,475,836,500
img_2574.png,5,4,765,487,807,518
img_2574.png,6,0,733,506,784,533
img_2574.png,7,3,675,543,722,569
img_2574.png,8,0,651,557,694,586
img_2574.png,9,4,615,574,663,607
img_2574.png,10,6,583,597,630,623
img_2574.png,11,2,572,604,608,637
img_2585.png,1,5,812,442,871,451
img_2585.png,2,5,787,475,848,474
img_2585.png,3,8,764,496,824,506
img_2585.png,4,6,745,520,803,531
img_2585.png,5,4,718,543,783,557
img_2585.png,6,0,710,569,764,578
img_2585.png,7,5,662,623,724,636
img_2585.png,8,0,643,652,704,653
img_2585.png,9,6,618,679,674,686
img_2585.png,10,1,607,690,659,710
img_2585.png,11,C,581,718,642,736
img_2596.png,1,5,641,502,624,560
img_2596.png,2,5,661,525,645,584
img_2596.png,3,8,680,556,668,611
img_2596.png,4,6,703,580,688,639
img_2596.png,5,4,724,605,708,663
img_2596.png,6,0,742,630,724,683
img_2596.png,7,2,788,677,773,741
img_2596.png,8,0,811,709,791,762
img_2596.png,9,7,830,730,814,789
img_2596.png,10,4,852,761,833,813
img_2596.png,11,9,873,785,855,839
img_2607.png,1,5,1001,673,985,726
img_2607.png,2,5,980,649,966,696
img_2607.png,3,8,960,615,944,670
img_2607.png,4,6,942,592,925,642
img_2607.png,5,4,921,562,905,614
img_2607.png,6,0,900,541,890,595
img_2607.png,7,2,864,491,847,537
img_2607.png,8,0,839,462,826,511
img_2607.png,9,9,823,442,804,487
img_2607.png,10,5,798,413,783,465
img_2607.png,11,X,776,381,763,431
img_2618.png,1,5,940,454,986,493
img_2618.png,2,5,912,463,949,499
img_2618.png,3,8,874,469,923,506
img_2618.png,4,6,844,476,886,519
img_2618.png,5,4,812,483,854,528
img_2618.png,6,1,787,488,819,531
img_2618.png,7,4,713,507,754,552
img_2618.png,8,0,684,514,727,556
img_2618.png,9,2,644,525,692,562
img_2618.png,10,0,620,532,659,571
img_2618.png,11,X,587,533,631,582
img_2629.png,1,5,721,429,676,464
img_2629.png,2,5,728,463,681,497
img_2629.png,3,8,726,502,686,530
img_2629.png,4,6,727,532,685,566
img_2629.png,5,4,729,568,684,598
img_2629.png,6,1,731,598,680,627
img_2629.png,7,1,731,676,683,699
img_2629.png,8,0,734,714,687,738
img_2629.png,9,4,732,728,691,759
img_2629.png,10,6,733,766,689,792
img_2629.png,11,6,736,788,691,825
img_2640.png,1,5,969,481,1000,528
img_2640.png,2,5,939,485,965,528
img_2640.png,3,8,900,480,929,525
img_2640.png,4,6,869,476,899,522
img_2640.png,5,4,833,474,861,525
img_2640.png,6,1,812,471,828,521
img_2640.png,7,3,739,474,768,520
img_2640.png,8,0,709,472,736,518
img_2640.png,9,6,669,471,697,517
img_2640.png,10,5,640,468,666,517
img_2640.png,11,2,605,468,636,516
img_2651.png,1,5,1003,537,1015,596
img_2651.png,2,5,970,527,983,581
img_2651.png,3,8,939,509,947,569
img_2651.png,4,6,906,500,916,555
img_2651.png,5,4,882,485,887,542
img_2651.png,6,2,853,483,855,530
img_2651.png,7,3,785,454,797,506
img_2651.png,8,0,758,444,769,494
img_2651.png,9,8,717,427,731,482
img_2651.png,10,6,691,419,700,469
img_2651.png,11,5,661,407,673,462
img_2662.png,1,5,850,417,903,437
img_2662.png,2,5,820,438,881,458
img_2662.png,3,8,797,465,850,481
img_2662.png,4,6,776,486,828,502
img_2662.png,5,4,746,502,804,525
img_2662.png,6,2,720,530,779,544
img_2662.png,7,5,677,577,732,592
img_2662.png,8,0,650,594,703,611
img_2662.png,9,2,620,622,677,635
img_2662.png,10,8,597,643,651,657
img_2662.png,11,0,577,658,630,678
img_2673.png,1,5,970,689,952,738
img_2673.png,2,5,955,659,935,712
img_2673.png,3,8,938,625,917,676
img_2673.png,4,6,926,602,899,644
img_2673.png,5,4,909,569,878,616
img_2673.png,6,2,888,540,868,588
img_2673.png,7,5,865,483,835,530
img_2673.png,8,0,843,459,822,506
img_2673.png,9,4,825,422,798,478
img_2673.png,10,9,816,401,783,446
img_2673.png,11,3,789,373,771,427
img_2684.png,1,5,659,529,627,581
img_2684.png,2,5,670,566,636,610
img_2684.png,3,8,684,601,650,644
img_2684.png,4,6,696,630,660,673
img_2684.png,5,4,710,660,675,702
img_2684.png,6,2,721,685,690,737
img_2684.png,7,6,744,751,717,800
img_2684.png,8,0,755,774,724,822
img_2684.png,9,5,772,808,739,861
img_2684.png,10,0,780,835,751,883
img_2684.png,11,1,796,874,762,912
img_2695.png,1,5,961,488,1000,533
img_2695.png,2,5,931,495,967,535
img_2695.png,3,8,895,495,929,540
img_2695.png,4,6,865,498,896,543
img_2695.png,5,4,833,501,866,545
img_2695.png,6,2,797,508,835,550
img_2695.png,7,5,735,513,765,560
img_2695.png,8,0,706,517,737,561
img_2695.png,9,7,673,525,705,565
img_2695.png,10,4,644,524,672,568
img_2695.png,11,1,615,525,639,572